variant,AP50,AP50_95,F1_best,thr,recall_at_thr,erased_site_fire_rate,erased_site_fire_rate_at_0_5
raw_gray,0.9422248870744274,0.35811861478500767,0.9528688524590164,0.6243,0.9597523219814241,0.4024767801857585,0.4540763673890609
d0_telea,0.9436555529818983,0.3589426317632155,0.9671120246659816,0.9433,0.9711042311661506,0.23632610939112486,0.48297213622291024
d1_telea,0.9556486013621641,0.3560960628451054,0.9752577319587629,0.9954,0.9762641898864809,0.05159958720330237,0.4117647058823529
d2_telea,0.9575265983205851,0.3633516062142289,0.9762886597938145,0.922,0.977296181630547,0.3715170278637771,0.5954592363261094
d2_telea_n,0.9518726796837181,0.3693401495161073,0.973670624677336,0.9777,0.9731682146542827,0.23735810113519093,0.5562435500515995
d3_telea_n,0.9515193611636117,0.3563987434904764,0.9731682146542827,0.9846,0.9731682146542827,0.2889576883384933,0.52218782249742
d2_outside,0.9344827254314861,0.3420837028697138,0.9593830334190231,0.998,0.9628482972136223,0.26418988648090813,0.5748194014447885
d2_dir,0.9547406252783224,0.3724503912256534,0.9670442842430484,0.9486,0.9690402476780186,0.2930856553147575,0.5118679050567595
main_v1(d2_telea_n+decoy+transplant),0.9647550592655242,0.37180435964963304,0.9804325437693099,0.9685,0.9824561403508771,0.13209494324045407,0.24664602683178535
main_v2(+erased-object negatives),0.9657968024609763,0.36554835179316003,0.9788768675940237,0.9717,0.9803921568627451,0.0020639834881320948,0.005159958720330237
