image_id,score,x1,y1,x2,y2,type,where,dist_edge,dist_band_end,max_iou
1_002_20200623_082318(5),0.7125033736228943,215.63967895507807,231.91336059570312,224.4916534423828,241.3509063720703,localization,band,46.09772228646444,9.515015443688059,0.4309265734448679
1_002_20200623_203040(4),0.732269823551178,196.07470703125,202.02899169921875,205.41026306152344,211.8397674560547,localization,band,52.952809179494906,8.134532604173005,0.37223387312675915
1_002_20200624_203017(4),0.7350353002548218,195.59754943847656,126.94336700439452,204.7815399169922,137.19447326660156,localization,band,46.69047011971501,6.771823764420634,0.47252386180561445
1_002_20200714_083057(5),0.6752068400382996,199.7407684326172,182.5894927978516,207.6059417724609,191.71115112304688,localization,band,43.73785545725808,10.307495711628738,0.43879809295182615
2_002_20200623_082311(8),0.7142823338508606,143.59927368164062,137.3670654296875,154.85865783691406,147.9862518310547,localization,band,48.041648597857254,7.586855875476911,0.49818957962270266
2_002_20200623_123055(5),0.7326046824455261,145.65927124023438,152.04388427734375,156.0102081298828,162.07760620117188,background,band,54.74486277268398,11.341114292678771,0.0
3_001_20200622_203305(8),0.6568812131881714,358.2723083496094,187.1500396728516,371.3647155761719,199.7657928466797,localization,band,62.00806399170998,12.28285994379568,0.290608657879348
3_001_20200622_203316(0),0.6777398586273193,362.447998046875,203.6520233154297,374.7209777832031,215.73126220703125,localization,band,62.0,12.66560198904466,0.4740180022397199
3_001_20200622_203316(0),0.6238406896591187,368.3848571777344,273.17950439453125,380.4720764160156,285.0775451660156,localization,band,57.245087125446844,14.874875786446074,0.4561756251083449
3_001_20200623_082414(1),0.6969141960144043,352.9344177246094,226.45030212402344,365.2516174316406,239.041015625,localization,band,63.0317380372777,14.480866504824544,0.4642695191112671
3_001_20200624_083205(7),0.6845295429229736,351.6086730957031,202.11524963378903,362.4561767578125,212.75880432128903,localization,band,65.80273550544841,13.181451971187034,0.4276148090759913
3_001_20200624_123322(3),0.7031722068786621,368.4089660644531,212.00335693359372,378.9778137207031,222.71485900878903,localization,band,72.99315036357864,16.5659623116669,0.39308414445258677
3_001_20200624_123322(3),0.6844638586044312,363.3837585449219,175.18333435058594,373.5362854003906,185.68353271484372,localization,band,88.0,15.303850108598938,0.4759086869681973
3_001_20200624_123335(6),0.7093660831451416,341.4033203125,117.86888122558594,352.9759826660156,129.46104431152344,localization,band,58.69412236331676,10.440902632903779,0.4932065784575115
3_001_20200624_162816(3),0.7007874250411987,338.8967590332031,169.7119903564453,350.1097412109375,181.1931304931641,localization,band,61.61168720299745,12.223860404772074,0.4517116481863104
3_001_20200624_162831(2),0.6352003216743469,366.9822387695313,231.6678771972656,377.8530883789063,242.3488922119141,localization,band,87.96590248499699,17.813310626514962,0.46076074563380987
3_001_20200625_043346(2),0.6933772563934326,340.6374206542969,189.26531982421875,354.4455871582031,202.8599090576172,localization,band,72.69112738154499,15.473811296751814,0.46879240518558357
3_001_20200727_204958(2),0.7172819375991821,322.0492553710937,145.7161102294922,332.668212890625,156.44329833984375,localization,band,51.0,11.802634126448881,0.4546476859925555
