term,coef,ci_lo,ci_hi
intercept,6.720405022234888,6.540225555140433,7.031466794842426
core_depth,0.014432058186656757,-0.1686065633405256,0.21787617726744143
core_area,0.019027033224781352,-0.2370427302707878,0.10953243689615791
box_area,-0.08427741039002282,-0.7586188355896887,1.426448914152862
bg_local,-0.1793065369571326,-0.6547443283620964,0.5615543063664112
dist_band_end,-0.02599174504183538,-0.10253380462857081,0.12974438806910762
machine3,-0.2851423288017343,-0.924913206383735,-0.00027737057637334996
machine2,-0.15077458029735336,-0.6835510542393618,0.5579236478518097
three_obj,-0.00409916649786218,-0.41933268929359296,0.1962480020849655
ana_mark_overlap,0.17432021463044736,-0.49432977560886454,0.39629531838065457
depth_x_machine3,-0.06808444020111407,-0.5540176595540073,0.2017158080477534
