variable,level,n,recall,FN,ci_lo,ci_hi,mean_score,min_score
core_depth,"(0, 40]",187,0.9946524064171123,1,0.9703349034165901,0.9990554181904389,0.99438513935073,0.0
core_depth,"(40, 45]",228,0.9912280701754386,2,0.9685857415105469,0.9975911654811233,0.9910066517945173,0.0
core_depth,"(45, 50]",136,0.9852941176470589,2,0.9479672334876765,0.9959578932271207,0.9852836906571378,0.0
core_depth,"(50, 55]",139,0.9856115107913669,2,0.9490574967673888,0.996045330420209,0.9856063093803468,0.0
core_depth,"(55, 100]",279,0.982078853046595,5,0.9587407739694962,0.9923215874370297,0.9820764429918135,0.0
weber,"(0.0, 0.45]",102,0.9803921568627451,2,0.9313055678943739,0.9946063608746546,0.9803135832093095,0.0
weber,"(0.45, 0.5]",315,0.9904761904761905,3,0.9723773420745166,0.9967559203354074,0.9903898484937584,0.0
weber,"(0.5, 0.55]",350,0.9885714285714285,4,0.9709871826025728,0.9955469954025006,0.9884905321856454,0.0
weber,"(0.55, 0.6]",169,0.9940828402366864,1,0.967247842726743,0.9989547381334201,0.9938485481730626,0.0
weber,"(0.6, 1.0]",33,0.9393939393939394,2,0.8039341828220181,0.9832194695709291,0.9393892583813441,0.0
core_area,"(0, 2]",267,0.9887640449438202,3,0.9674912825785565,0.9961716111571176,0.9886754520967499,0.0
core_area,"(2, 3]",293,0.9863481228668942,4,0.965429344682128,0.9946786725230077,0.986242592205563,0.0
core_area,"(3, 4]",370,0.9864864864864865,5,0.9687602162110335,0.9942144768140339,0.9863558326718856,0.0
core_area,"(4, 10]",39,1.0,0,0.9103301463997611,1.0,0.9999907918213204,0.999917615290808
box_area,"(0, 80]",205,0.9560975609756097,9,0.9186816917410128,0.9767337810383567,0.9560617842372977,0.0
box_area,"(80, 100]",263,1.0,0,0.9856034441406437,0.9999999999999999,0.9998311056158076,0.9784684348497358
box_area,"(100, 130]",183,1.0,0,0.9794392683428103,1.0,0.9997811466769558,0.9698095942584524
box_area,"(130, 170]",187,1.0,0,0.9798702169757536,1.0,0.9999710166627037,0.998577743362245
box_area,"(170, 500]",131,0.9770992366412213,3,0.934831923393151,0.9921816985158145,0.9770530358189274,0.0
dist_band_end,"(0, 8]",239,1.0,0,0.9841806346194393,1.0,0.9999656413449446,0.9982386041726582
dist_band_end,"(8, 11]",282,0.9858156028368794,4,0.9641022648015134,0.9944705951321002,0.9855428859245092,0.0
dist_band_end,"(11, 15]",219,0.9726027397260274,6,0.9415263694358291,0.9873845699937926,0.9725708221730932,0.0
dist_band_end,"(15, 100]",226,0.9911504424778761,2,0.9683127716781466,0.997569818766751,0.9911013292712919,0.0
ana_mark_overlap,"(-0.01, 0.0]",265,0.9773584905660377,6,0.9514916109241134,0.9895829846741868,0.9773006855387387,0.0
ana_mark_overlap,"(0.0, 0.1]",205,0.9902439024390244,2,0.965131433049975,0.997320492236941,0.9900461268570612,0.0
ana_mark_overlap,"(0.1, 0.2]",182,0.989010989010989,2,0.9608236374882839,0.9969812888575935,0.9888051620512902,0.0
ana_mark_overlap,"(0.2, 0.3]",132,1.0,0,0.9717200032979587,1.0,0.999971363326055,0.9989435700761006
ana_mark_overlap,"(0.3, 1.0]",185,0.9891891891891892,2,0.9614449271789731,0.9970303240368608,0.989155821999211,0.0
dist_edge,"(0, 45]",168,0.9940476190476191,1,0.9670573913601588,0.9989485117506134,0.9940001637840654,0.0
dist_edge,"(45, 55]",438,0.9908675799086758,4,0.9767563761499489,0.9964430690811024,0.9906801838934046,0.0
dist_edge,"(55, 65]",187,0.9732620320855615,5,0.938944330980215,0.9885264091519155,0.9732258429500027,0.0
dist_edge,"(65, 200]",176,0.9886363636363636,2,0.9595189905082895,0.996878194570135,0.9885996789943559,0.0
bg_local,"(0, 80]",206,1.0,0,0.9816928578508741,1.0,0.9995603354535049,0.9698095942584524
bg_local,"(80, 90]",217,0.9907834101382489,2,0.9670233150340519,0.9974688820882296,0.9907585993491109,0.0
bg_local,"(90, 100]",178,0.9662921348314607,6,0.9284206490510927,0.9844617716931154,0.9662593388313335,0.0
bg_local,"(100, 200]",368,0.9891304347826086,4,0.9723889686729985,0.9957652131076307,0.9891264041346058,0.0
machine,1,366,0.9890710382513661,4,0.9722399398490994,0.995742028647684,0.9890672410066369,0.0
machine,2,294,1.0,0,0.9871018689128719,1.0,0.999684687553793,0.9698095942584524
machine,3,309,0.9741100323624595,8,0.9497520635461758,0.9868241462673528,0.9740803101826765,0.0
month,6,779,0.9871630295250321,10,0.9765322106246084,0.9930125861771968,0.9871282678405179,0.0
month,7,87,0.9770114942528736,2,0.9200052672522923,0.9936730475286013,0.9770111979586903,0.0
month,8,35,1.0,0,0.9010957324106112,1.0,0.9999308058582321,0.9992354123689268
month,9,68,1.0,0,0.9465268034119508,1.0,0.9989154576541712,0.9698095942584524
n_obj,1,115,0.991304347826087,1,0.952382104532502,0.9984633906476368,0.9906418050037128,0.0
n_obj,2,2,1.0,0,0.34237195288961925,1.0,0.999999574331927,0.9999991667391604
n_obj,3,852,0.9870892018779343,11,0.9770297879623338,0.9927758396210882,0.9870574148727704,0.0
col_rank,0,115,0.991304347826087,1,0.952382104532502,0.9984633906476368,0.9906418050037128,0.0
col_rank,1,285,0.9789473684210527,6,0.954838056711256,0.9903166578450961,0.9789381262633853,0.0
col_rank,2,285,0.9929824561403509,2,0.974778093561734,0.9980734624468187,0.9929205584531743,0.0
col_rank,3,284,0.9894366197183099,3,0.9694077896197291,0.9964011830930408,0.9894126460424116,0.0
slot4h,False,25,1.0,0,0.8668035060468213,1.0,0.999981035144868,0.9996592851369216
slot4h,True,944,0.9872881355932204,12,0.9779127006080998,0.9927136150125694,0.9871792355053705,0.0
bg_type,band,966,0.9875776397515528,12,0.9784127506545559,0.9928798810494253,0.987470799775748,0.0
bg_type,product,3,1.0,0,0.43849391955098227,1.0,0.9999772041062179,0.9999549614563216
width,316,315,1.0,0,0.9879513840101166,1.0,0.9997032276022743,0.9698095942584524
width,352,345,0.9884057971014493,4,0.970572177044286,0.9954823302163159,0.9884040337812402,0.0
width,576,309,0.9741100323624595,8,0.9497520635461758,0.9868241462673528,0.9740803101826765,0.0
