model,subset,images,objects,AP50,AP75,AP50_95,R_at_FPPI_0_1,R_at_FPPI_0_05,F1_best,P_at_F1,R_at_F1,thr_F1,FPPI_at_F1,img_score_med,bg_max_p99,bg_max_med
hgb_v2,all,400,969,0.9667844242079152,0.1357494869097229,0.3693100743514314,0.9834881320949432,0.9803921568627452,0.979948586118252,0.9764344262295082,0.9834881320949432,0.5301,0.0575,0.9999999624684042,0.9078271456585152,0.0
hgb_v2,one_obj,115,115,0.9636140111288802,0.1836368276907287,0.3850777177627918,0.982608695652174,0.982608695652174,0.9783549783549784,0.9741379310344828,0.982608695652174,0.5301,0.0260869565217391,0.999998956850981,0.2031857541902228,0.0
hgb_v2,three_obj,285,854,0.967703847298942,0.1339607329989947,0.3686147015612385,0.9836065573770492,0.9578454332552692,0.9801633605600932,0.9767441860465116,0.9836065573770492,0.8819,0.0701754385964912,0.9999999976140004,0.9724925742078256,0.0
hgb_v2,machine1,136,366,0.9675055675704922,0.1367613274568314,0.3752819957419622,0.9863387978142076,0.9863387978142076,0.9863387978142076,0.9863387978142076,0.9863387978142076,0.9999,0.0367647058823529,0.9999999970535526,0.0,0.0
hgb_v2,machine2,131,294,0.9984225541198192,0.2306223360783632,0.4325157917564798,1.0,1.0,0.99830220713073,0.9966101694915256,1.0,0.5301,0.0076335877862595,0.999999400477999,0.0236024856330406,0.0
hgb_v2,machine3,133,309,0.9471486982500604,0.0835510258665664,0.3264762048724577,0.9611650485436892,0.7022653721682848,0.9627228525121556,0.9642857142857144,0.9611650485436892,0.9964,0.0827067669172932,0.9999999947053212,0.9823997890978023,0.0
hgb_v2,fold0,108,323,0.9695731192405632,0.1362053136428194,0.357285083035903,0.9876160990712074,0.9845201238390092,0.9845201238390092,0.9845201238390092,0.9845201238390092,0.9964,0.0462962962962962,0.9999999989387912,0.9078423882400088,0.0
hgb_v2,fold1,104,312,0.971711051855204,0.1317501880927461,0.372988308131692,0.9839743589743588,0.971153846153846,0.9792663476874004,0.9746031746031746,0.9839743589743588,0.8819,0.0769230769230769,0.9999999988597668,0.986057783155718,0.0
hgb_v2,fold2,94,130,0.9254042215867246,0.1342302169148212,0.3704016556636543,0.9615384615384616,0.2307692307692307,0.9578544061302684,0.9541984732824428,0.9615384615384616,0.5301,0.0638297872340425,0.9999979032275406,0.0595880946834254,0.0
hgb_v2,fold3,94,204,0.9816540477577168,0.1518534827025958,0.3961413862129482,0.9901960784313726,0.9901960784313726,0.9901960784313726,0.9901960784313726,0.9901960784313726,0.9997,0.0212765957446808,0.9999999124892192,0.243987671178778,0.0
hgb,all,400,969,0.9691004381894056,0.1413693774464279,0.3718136881557585,0.9876160990712074,0.9876160990712074,0.9855818743563336,0.9835560123329908,0.9876160990712074,0.9698,0.04,0.9999998774556588,0.128136984392392,0.0
hgb,one_obj,115,115,0.983153941528454,0.1884273971163694,0.4021584264352505,0.991304347826087,0.991304347826087,0.9870129870129868,0.9827586206896552,0.991304347826087,0.9698,0.017391304347826,0.999972327654149,0.1020556622983327,0.0
hgb,three_obj,285,854,0.9690488771394468,0.1361309387934826,0.3696218551394182,0.98711943793911,0.98711943793911,0.9853886616014028,0.9836639439906651,0.98711943793911,0.9882,0.0491228070175438,0.9999999769731804,0.2607505737085116,0.0
hgb,machine1,136,366,0.9707839636422656,0.1427979131146897,0.3738408488502669,0.989071038251366,0.989071038251366,0.989071038251366,0.989071038251366,0.989071038251366,0.9999,0.0294117647058823,0.999999994799319,0.0025365264916398,0.0
hgb,machine2,131,294,0.9979191139452932,0.2354865500176164,0.4336927852973637,1.0,1.0,0.99830220713073,0.9966101694915256,1.0,0.9698,0.0076335877862595,0.9999990701329986,0.026748238447647,0.0
hgb,machine3,133,309,0.9564330797034308,0.0808826733625009,0.3332849956824156,0.9741100323624596,0.7313915857605178,0.9725363489499192,0.970967741935484,0.9741100323624596,0.9882,0.0676691729323308,0.9999998489833272,0.7133340842315755,0.0
hgb,fold0,108,323,0.970238680412665,0.1228969563623028,0.358263154475461,0.9876160990712074,0.9876160990712074,0.9845679012345678,0.9815384615384616,0.9876160990712074,0.9882,0.0555555555555555,0.9999999979584346,0.9279901865552064,0.0
hgb,fold1,104,312,0.98369785995781,0.1352918186555498,0.3747962232913866,0.9903846153846154,0.9903846153846154,0.9888,0.987220447284345,0.9903846153846154,0.7443,0.0384615384615384,0.9999997929314304,0.0476422509207357,0.0
hgb,fold2,94,130,0.95019040365575,0.1742574257425742,0.3818982252862253,0.9769230769230768,0.9769230769230768,0.9769230769230768,0.9769230769230768,0.9769230769230768,0.9698,0.0319148936170212,0.999952916124951,0.0819086610308335,0.0
hgb,fold3,94,204,0.9833589999202011,0.1938766344349984,0.4094634400455373,0.9901960784313726,0.9901960784313726,0.9877750611246944,0.9853658536585366,0.9901960784313726,0.9961,0.0319148936170212,0.9999999642045524,0.1211537939833059,0.0
p2_coco,all,400,969,0.9703469289052136,0.1535249496341792,0.3827554228602694,0.9845201238390092,0.9845201238390092,0.9835051546391752,0.9824922760041196,0.9845201238390092,0.093,0.0425,0.698717325925827,0.0339168735593556,0.0
p2_coco,one_obj,115,115,0.9884631941455015,0.1561490894679896,0.3872414552541832,0.991304347826087,0.991304347826087,0.991304347826087,0.991304347826087,0.991304347826087,0.0837,0.008695652173913,0.6681386828422546,0.0047193763963877,0.0
p2_coco,three_obj,285,854,0.969628980611246,0.1570022242282539,0.3830916003712576,0.9836065573770492,0.9637002341920374,0.9830310122878876,0.9824561403508772,0.9836065573770492,0.563,0.0526315789473684,0.7096878290176392,0.0443787373602399,0.0
p2_coco,machine1,136,366,0.9695017042687878,0.1578202202311983,0.386033302987647,0.9863387978142076,0.9863387978142076,0.9863387978142076,0.9863387978142076,0.9863387978142076,0.5659,0.0367647058823529,0.7033708691596985,0.0322194844484328,0.0
p2_coco,machine2,131,294,0.9980198019801982,0.271250781382288,0.4461378303427905,1.0,1.0,0.99830220713073,0.9966101694915256,1.0,0.0213,0.0076335877862595,0.7122735977172852,0.0188697082921861,0.0
p2_coco,machine3,133,309,0.9416422519958808,0.05539673372966,0.3218665932408943,0.9676375404530744,0.7475728155339806,0.9676375404530744,0.9676375404530744,0.9676375404530744,0.0837,0.075187969924812,0.6828978657722473,0.0320565827190876,0.0017890178132802
p2_coco,fold0,108,323,0.9705530206936908,0.1858689618025168,0.3899397134824305,0.9876160990712074,0.9876160990712074,0.9860896445131376,0.984567901234568,0.9876160990712074,0.563,0.0462962962962962,0.7238740026950836,0.0740220364555712,0.0
p2_coco,fold1,104,312,0.9742721835033756,0.1246058773880017,0.375476326048312,0.9807692307692308,0.9647435897435898,0.9807692307692308,0.9807692307692308,0.9807692307692308,0.0382,0.0576923076923076,0.709257960319519,0.0284316714853047,0.0
p2_coco,fold2,94,130,0.9684627184278556,0.1491549554773799,0.3599634521709907,0.9846153846153848,0.9846153846153848,0.9846153846153848,0.9846153846153848,0.9846153846153848,0.0837,0.0212765957446808,0.6745176911354065,0.0058068973431362,0.0
p2_coco,fold3,94,204,0.975545840402261,0.1817034395041912,0.4248208783438864,0.9852941176470588,0.9852941176470588,0.982885085574572,0.9804878048780488,0.9852941176470588,0.093,0.0425531914893617,0.6845548152923584,0.0130159541219466,0.0
p2_scratch,all,400,969,0.9558581362442694,0.1515853083766613,0.3701236936319452,0.9793601651186792,0.9205366357069144,0.9783505154639176,0.9773429454170958,0.9793601651186792,0.4056,0.055,0.6692849695682526,0.1966047579050062,0.0011026162537745
p2_scratch,one_obj,115,115,0.9660616833071805,0.0597065111255561,0.3293315725613502,0.982608695652174,0.982608695652174,0.9783549783549784,0.9741379310344828,0.982608695652174,0.1506,0.0260869565217391,0.6506064534187317,0.0531836568936705,0.0016376418061554
p2_scratch,three_obj,285,854,0.956232726439288,0.1671431705159038,0.3784449479377407,0.9789227166276346,0.8278688524590164,0.9777777777777776,0.9766355140186916,0.9789227166276346,0.4056,0.0701754385964912,0.6746383309364319,0.2390616911649753,0.0
p2_scratch,machine1,136,366,0.9686570088600917,0.1507170523404537,0.367001143215134,0.9836065573770492,0.9836065573770492,0.9836065573770492,0.9836065573770492,0.9836065573770492,0.56,0.0441176470588235,0.6612338423728943,0.0021028169197961,0.0
p2_scratch,machine2,131,294,0.9840450810003628,0.2247204998234996,0.4238348837279908,0.9931972789115646,0.9931972789115646,0.9915110356536504,0.9898305084745764,0.9931972789115646,0.5952,0.0229007633587786,0.6940171718597412,0.0068232546094803,0.0011771825375035
p2_scratch,machine3,133,309,0.9335718357908056,0.0853900317360442,0.3236587607589315,0.9611650485436892,0.540453074433657,0.9596122778675285,0.9580645161290322,0.9611650485436892,0.4056,0.0977443609022556,0.6575850248336792,0.3421289467811597,0.0010174321942031
p2_scratch,fold0,108,323,0.9742171560686542,0.1709316064639131,0.38473636070723,0.9845201238390092,0.956656346749226,0.9814814814814816,0.9784615384615384,0.9845201238390092,0.5479,0.0648148148148148,0.6984738707542419,0.5379667973518361,0.0
p2_scratch,fold1,104,312,0.9562058220567272,0.1863554000719524,0.388806343676341,0.9775641025641024,0.907051282051282,0.976,0.97444089456869,0.9775641025641024,0.2073,0.0769230769230769,0.6708064377307892,0.1830071111395953,0.0
p2_scratch,fold2,94,130,0.939352940120201,0.0810703402666746,0.3211070668383255,0.9615384615384616,0.8076923076923077,0.9615384615384616,0.9615384615384616,0.9615384615384616,0.5574,0.0531914893617021,0.6676566004753113,0.0639710582792752,0.0017062000115401
p2_scratch,fold3,94,204,0.9685506785972716,0.1614055523199378,0.381531964399885,0.9852941176470588,0.9852941176470588,0.9852941176470588,0.9852941176470588,0.9852941176470588,0.56,0.0319148936170212,0.6299826800823212,0.0283904441259799,0.0
p3_coco,all,400,969,0.9672718820413364,0.1907341893154035,0.3940100262443228,0.9845201238390092,0.9845201238390092,0.9840123775141826,0.9835051546391752,0.9845201238390092,0.5188,0.04,0.7212247252464294,0.0502905622869728,0.0
p3_coco,one_obj,115,115,1.0,0.2003375526011676,0.4107118965354414,1.0,1.0,1.0,1.0,1.0,0.5188,0.0,0.7114109396934509,0.0170251472014933,0.0
p3_coco,three_obj,285,854,0.9660661665258654,0.1942832576351102,0.3950966172422131,0.9824355971896956,0.955503512880562,0.9818607372732592,0.9812865497076024,0.9824355971896956,0.2061,0.0561403508771929,0.7276580333709717,0.0652796712517738,0.0
p3_coco,machine1,136,366,0.9558848909883364,0.1790175940263829,0.3889348960354233,0.9781420765027322,0.6420765027322405,0.9781420765027322,0.9781420765027322,0.9781420765027322,0.6257,0.0588235294117647,0.7308509349822998,0.0574571264907718,0.0
p3_coco,machine2,131,294,0.9966772948481292,0.3029591477396153,0.4581029021584087,1.0,1.0,0.99830220713073,0.9966101694915256,1.0,0.0422,0.0076335877862595,0.7204542756080627,0.0302476250566537,0.0
p3_coco,machine3,133,309,0.9613873933442008,0.1107738559208736,0.3501687131572764,0.9773462783171522,0.9676375404530744,0.9773462783171522,0.9773462783171522,0.9773462783171522,0.5188,0.0526315789473684,0.7131033539772034,0.0454643177986145,0.0
p3_coco,fold0,108,323,0.9788664234960354,0.2194132707725611,0.3968809524421198,0.9907120743034056,0.9907120743034056,0.9876543209876544,0.9846153846153848,0.9907120743034056,0.0657,0.0462962962962962,0.741725742816925,0.0657065058499573,0.0
p3_coco,fold1,104,312,0.953785806266808,0.1787999044650633,0.3901329752446086,0.9743589743589745,0.5673076923076923,0.9743589743589745,0.9743589743589745,0.9743589743589745,0.5884,0.0769230769230769,0.730073869228363,0.0351591369137167,0.0
p3_coco,fold2,94,130,0.9608696053065912,0.1862128893757838,0.3889928827213487,0.9769230769230768,0.9769230769230768,0.9769230769230768,0.9769230769230768,0.9769230769230768,0.5188,0.0319148936170212,0.7128239274024963,0.0290555162541566,0.0
p3_coco,fold3,94,204,0.9882061735585328,0.2191346274916257,0.4424530319337489,0.9950980392156864,0.9950980392156864,0.9950980392156864,0.9950980392156864,0.9950980392156864,0.0286,0.0106382978723404,0.7084947228431702,0.0247068481892346,0.0
p2_coco_v2,all,400,969,0.953641274712634,0.1623417060685408,0.3733132248087993,0.9690402476780186,0.8111455108359134,0.9685404847859722,0.968041237113402,0.9690402476780186,0.1959,0.0775,0.697704553604126,0.0636287502944467,0.0
p2_coco_v2,one_obj,115,115,0.9701638922296532,0.1608218746869782,0.3772128236507466,0.982608695652174,0.982608695652174,0.982608695652174,0.982608695652174,0.982608695652174,0.5741,0.017391304347826,0.6749300956726074,0.0053027197532355,0.0
p2_coco_v2,three_obj,285,854,0.9538036904979704,0.1673094325785493,0.3756725244187818,0.9543325526932084,0.6697892271662763,0.9666471620830894,0.9660818713450292,0.9672131147540984,0.1959,0.1017543859649122,0.7030869722366333,0.0816147649288184,0.0
p2_coco_v2,machine1,136,366,0.9708396411689648,0.1471447754523949,0.3755835259087328,0.9836065573770492,0.9836065573770492,0.9836065573770492,0.9836065573770492,0.9836065573770492,0.1959,0.0441176470588235,0.6932016015052795,0.0503332691267133,0.0
p2_coco_v2,machine2,131,294,0.9841919785198856,0.2758214927731533,0.4405269332862677,0.9965986394557824,0.9965986394557824,0.99490662139219,0.9932203389830508,0.9965986394557824,0.5684,0.015267175572519,0.7233798503875732,0.0431136050727212,0.0
p2_coco_v2,machine3,133,309,0.8829357685625693,0.059897802193708,0.2930073271621219,0.6245954692556634,0.313915857605178,0.9240710823909531,0.9225806451612903,0.9255663430420712,0.1066,0.1804511278195488,0.6730676889419556,0.0725743651390076,0.0
p2_coco_v2,fold0,108,323,0.9695643234722996,0.1937345838199198,0.3884785367286695,0.9845201238390092,0.9473684210526316,0.982998454404946,0.9814814814814816,0.9845201238390092,0.5709,0.0555555555555555,0.7093847393989563,0.0631492639333008,0.0
p2_coco_v2,fold1,104,312,0.9247498932926144,0.1288161564645872,0.3537142339247548,0.7051282051282052,0.4743589743589743,0.9408,0.939297124600639,0.9423076923076924,0.1066,0.1826923076923076,0.7062264084815979,0.0747541545471175,0.0
p2_coco_v2,fold2,94,130,0.949489725460406,0.1514226526221491,0.3502932266562602,0.9692307692307692,0.9692307692307692,0.9692307692307692,0.9692307692307692,0.9692307692307692,0.062,0.0425531914893617,0.6857869625091553,0.0168477418180551,0.0
p2_coco_v2,fold3,94,204,0.9787773818958736,0.2123384719523915,0.4274453616143874,0.9852941176470588,0.9852941176470588,0.9852941176470588,0.9852941176470588,0.9852941176470588,0.1959,0.0319148936170212,0.6755560636520386,0.0690213488787402,0.0
p2_coco_v2b,all,400,969,0.956247457080606,0.1523470293378242,0.3796932020745508,0.9762641898864808,0.9174406604747162,0.9757607013924704,0.9752577319587628,0.9762641898864808,0.143,0.06,0.6977045834064484,0.0575155185535548,0.0
p2_coco_v2b,one_obj,115,115,0.964356435643564,0.1503375827316865,0.3687309892095856,0.982608695652174,0.982608695652174,0.982608695652174,0.982608695652174,0.982608695652174,0.5611,0.017391304347826,0.6722287535667419,0.0102736089564858,0.0
p2_coco_v2b,three_obj,285,854,0.957087669323249,0.1547636650988103,0.3822779424937778,0.9754098360655736,0.7634660421545667,0.9748390871854886,0.9742690058479532,0.9754098360655736,0.143,0.0771929824561403,0.7074453234672546,0.0594940640032294,0.0
p2_coco_v2b,machine1,136,366,0.9692584004538798,0.155672109221027,0.3827834313097357,0.9836065573770492,0.9836065573770492,0.9822646657571624,0.9809264305177112,0.9836065573770492,0.1011,0.0514705882352941,0.7038785517215729,0.0531410036608577,0.0
p2_coco_v2b,machine2,131,294,0.9851988588689377,0.2357635117630127,0.4392530133626579,0.9965986394557824,0.9965986394557824,0.99490662139219,0.9932203389830508,0.9965986394557824,0.5859,0.015267175572519,0.7159940600395203,0.013340043183416,0.0
p2_coco_v2b,machine3,133,309,0.9169652328669924,0.068684391736747,0.3125709050001951,0.8964401294498382,0.255663430420712,0.948220064724919,0.948220064724919,0.948220064724919,0.5611,0.1203007518796992,0.6744082570075989,0.0641187569499016,0.0013242976274341
p2_coco_v2b,fold0,108,323,0.9677852161504388,0.1578195492854745,0.392380331961936,0.9845201238390092,0.9473684210526316,0.982998454404946,0.9814814814814816,0.9845201238390092,0.5693,0.0555555555555555,0.7110857367515564,0.0696505973115561,0.0014197137788869
p2_coco_v2b,fold1,104,312,0.9596420155186942,0.1516383469298354,0.3688338883513568,0.9647435897435898,0.8108974358974359,0.9678456591639872,0.970967741935484,0.9647435897435898,0.5792,0.0865384615384615,0.7080049216747284,0.0123186365421861,0.0
p2_coco_v2b,fold2,94,130,0.9376519703252376,0.1400649099979869,0.3535890507028432,0.9692307692307692,0.9692307692307692,0.9692307692307692,0.9692307692307692,0.9692307692307692,0.5611,0.0425531914893617,0.6827773749828339,0.0190540446341028,0.0
p2_coco_v2b,fold3,94,204,0.9711891568442752,0.190962095780597,0.4219958833436023,0.9852941176470588,0.9852941176470588,0.982885085574572,0.9804878048780488,0.9852941176470588,0.1011,0.0425531914893617,0.6829906702041626,0.0475103033334012,0.0005231687100604
p3_coco_v2b,all,400,969,0.9692692241444204,0.1701646264133733,0.3897820584739625,0.9814241486068112,0.9814241486068112,0.9814241486068112,0.9814241486068112,0.9814241486068112,0.359,0.045,0.7171689569950104,0.0282127331383523,0.0
p3_coco_v2b,one_obj,115,115,0.9846749892380544,0.1926605858989297,0.4022027488007684,0.991304347826087,0.991304347826087,0.9870129870129868,0.9827586206896552,0.991304347826087,0.0082,0.017391304347826,0.709376871585846,0.0069322156347334,0.0
p3_coco_v2b,three_obj,285,854,0.9689266608588928,0.1734977382166677,0.3911165188927816,0.9800936768149884,0.9355971896955504,0.9800936768149884,0.9800936768149884,0.9800936768149884,0.5923,0.0596491228070175,0.7219890356063843,0.0594809587299828,0.0
p3_coco_v2b,machine1,136,366,0.973192980688685,0.1873478447040806,0.3979274745891456,0.989071038251366,0.989071038251366,0.989071038251366,0.989071038251366,0.989071038251366,0.6428,0.0294117647058823,0.7246839106082916,0.016584292333573,0.0
p3_coco_v2b,machine2,131,294,0.9851532218124665,0.2898529525296391,0.4610087820857065,0.9965986394557824,0.9965986394557824,0.99490662139219,0.9932203389830508,0.9965986394557824,0.6272,0.015267175572519,0.7252075672149658,0.0217057492118325,0.0
p3_coco_v2b,machine3,133,309,0.9312159360010565,0.0535197805515963,0.3066647206491263,0.9579288025889968,0.4789644012944983,0.959481361426256,0.961038961038961,0.9579288025889968,0.359,0.0902255639097744,0.6966040730476379,0.053875847756863,0.0
p3_coco_v2b,fold0,108,323,0.970229269303742,0.1847644675957085,0.4019487055460239,0.9876160990712074,0.9876160990712074,0.9845679012345678,0.9815384615384616,0.9876160990712074,0.0753,0.0555555555555555,0.7314133644104004,0.0740267958119509,0.0
p3_coco_v2b,fold1,104,312,0.960476361163804,0.1709130386494515,0.3834638864384327,0.9743589743589745,0.7852564102564102,0.9759229534510432,0.977491961414791,0.9743589743589745,0.5923,0.0673076923076923,0.726359635591507,0.0081805133959278,0.0
p3_coco_v2b,fold2,94,130,0.9675556144243186,0.2094267701403442,0.3938276910879715,0.9769230769230768,0.9769230769230768,0.9731800766283524,0.9694656488549618,0.9769230769230768,0.0971,0.0425531914893617,0.7060937285423279,0.0144657989218824,0.0
p3_coco_v2b,fold3,94,204,0.971053010453804,0.1625717995086818,0.4112544781707797,0.9852941176470588,0.9852941176470588,0.982885085574572,0.9804878048780488,0.9852941176470588,0.0185,0.0425531914893617,0.7062016427516937,0.0078231187025083,0.0
p3_coco_v2bn,all,400,969,0.9493622570330662,0.1473726035899788,0.3677503813296673,0.9669762641898865,0.7925696594427245,0.9669762641898865,0.9669762641898865,0.9669762641898865,0.518,0.08,0.7102125287055969,0.028114374410360313,0.0
p3_coco_v2bn,one_obj,115,115,0.9883770985794232,0.15272239889026973,0.39826688672469446,0.991304347826087,0.991304347826087,0.991304347826087,0.991304347826087,0.991304347826087,0.518,0.008695652173913044,0.6934121251106262,0.012146662492304996,0.0
p3_coco_v2bn,three_obj,285,854,0.9405756042911836,0.14917583670519838,0.3644329694198574,0.9297423887587822,0.5737704918032787,0.9637002341920374,0.9637002341920374,0.9637002341920374,0.552,0.10877192982456141,0.7184960246086121,0.11620669960975868,0.0
p3_coco_v2bn,machine1,136,366,0.9728434139190744,0.13547244615398288,0.3779702379067617,0.9863387978142076,0.9863387978142076,0.984993178717599,0.9836512261580381,0.9863387978142076,0.3228,0.04411764705882353,0.7114141285419464,0.13486621705815288,0.0
p3_coco_v2bn,machine2,131,294,0.9967108575264308,0.274948590213063,0.4515426916657194,1.0,1.0,0.99830220713073,0.9966101694915255,1.0,0.6437,0.007633587786259542,0.7179282307624817,0.009810926392674375,0.0
p3_coco_v2bn,machine3,133,309,0.8613550406151049,0.06501757602711944,0.2780480959143392,0.517799352750809,0.2912621359223301,0.9141004862236629,0.9155844155844156,0.912621359223301,0.518,0.19548872180451127,0.7013474702835083,0.025562473610043497,0.0017136069945991
p3_coco_v2bn,fold0,108,323,0.9807951136503985,0.184352421294244,0.3982697185702089,0.9907120743034056,0.9907120743034056,0.9876543209876544,0.9846153846153847,0.9907120743034056,0.3228,0.046296296296296294,0.7186774611473083,0.31372626259922887,0.0
p3_coco_v2bn,fold1,104,312,0.900691175193524,0.12756954826791028,0.32818616021599106,0.6346153846153846,0.5512820512820513,0.9245585874799358,0.9260450160771704,0.9230769230769231,0.552,0.22115384615384615,0.727709025144577,0.02110360695049159,0.0
p3_coco_v2bn,fold2,94,130,0.9684844785105164,0.15757683447356802,0.3812293777458473,0.9769230769230769,0.9769230769230769,0.9769230769230769,0.9769230769230769,0.9769230769230769,0.518,0.031914893617021274,0.70119708776474,0.02482295311987393,0.0
p3_coco_v2bn,fold3,94,204,0.9854554612853971,0.16333192735970115,0.40630916595012323,0.9901960784313726,0.9901960784313726,0.9901960784313726,0.9901960784313726,0.9901960784313726,0.5753,0.02127659574468085,0.684140145778656,0.005029273643158347,0.0
