machine,date,product,n_images,top1_conf_med,top1_depth_med,top1_depth_p10,pass_prior,pass,reinspect_prior,reinspect,reject_prior,reject
1,2020-06-29,3band,20,0.7140401005744934,57.5,51.9,0.0,0.0,0.95,0.95,0.05,0.05
1,2020-06-30,3band,36,0.7147359549999237,59.0,53.5,0.0,0.0,0.8888888888888888,0.8888888888888888,0.1111111111111111,0.1111111111111111
1,2020-07-01,3band,36,0.7172348499298096,59.0,55.0,0.0,0.0,0.8611111111111112,0.8611111111111112,0.1388888888888889,0.1388888888888889
1,2020-07-02,3band,12,0.7119821608066559,57.5,54.1,0.0,0.0,0.9166666666666666,0.9166666666666666,0.08333333333333333,0.08333333333333333
1,2020-07-06,3band,24,0.7093414664268494,59.5,54.3,0.0,0.0,1.0,1.0,0.0,0.0
1,2020-07-07,3band,24,0.713051974773407,61.0,52.3,0.0,0.0,0.875,0.875,0.125,0.125
1,2020-07-08,3band,30,0.7149512469768524,57.0,53.9,0.0,0.0,0.9666666666666667,0.9666666666666667,0.03333333333333333,0.03333333333333333
1,2020-07-13,3band,24,0.7095056474208832,60.0,55.6,0.0,0.0,0.9583333333333334,0.9583333333333334,0.041666666666666664,0.041666666666666664
1,2020-07-14,3band,11,0.7093144059181213,57.0,53.0,0.0,0.0,1.0,1.0,0.0,0.0
1,2020-07-15,3band,13,0.711408793926239,59.0,57.0,0.0,0.0,1.0,1.0,0.0,0.0
1,2020-07-21,1band,12,0.7215853929519653,59.0,56.1,0.0,0.0,0.5,0.5,0.5,0.5
1,2020-07-22,1band,10,0.7259246408939362,62.0,54.9,0.0,0.0,0.2,0.2,0.8,0.8
1,2020-07-23,1band,12,0.7237365543842316,59.0,58.0,0.0,0.0,0.3333333333333333,0.3333333333333333,0.6666666666666666,0.6666666666666666
1,2020-07-24,1band,2,0.7223525643348694,59.5,54.3,0.0,0.0,0.5,0.5,0.5,0.5
1,2020-07-27,1band,19,0.0,54.5,51.7,0.5789473684210527,0.0,0.2631578947368421,0.8421052631578947,0.15789473684210525,0.15789473684210525
1,2020-07-27,no_band,93,0.0,,,1.0,0.0,0.0,1.0,0.0,0.0
1,2020-07-28,1band,10,0.705531656742096,58.0,53.7,0.0,0.0,0.7,0.7,0.3,0.3
1,2020-08-10,1band,2,0.7257472276687622,53.5,52.3,0.0,0.0,0.5,0.5,0.5,0.5
1,2020-08-11,1band,4,0.7323192656040192,59.0,55.9,0.0,0.0,0.0,0.0,1.0,1.0
1,2020-08-14,1band,12,0.7295251190662384,55.0,53.0,0.0,0.0,0.16666666666666666,0.16666666666666666,0.8333333333333334,0.8333333333333334
1,2020-08-18,1band,8,0.7272242903709412,54.0,51.7,0.0,0.0,0.125,0.125,0.875,0.875
1,2020-08-19,1band,10,0.7252710461616516,56.0,53.8,0.0,0.0,0.3,0.3,0.7,0.7
1,2020-08-21,1band,6,0.7208521366119385,56.5,54.5,0.0,0.0,0.5,0.5,0.5,0.5
1,2020-08-26,1band,6,0.7335216403007507,58.0,55.0,0.0,0.0,0.16666666666666666,0.16666666666666666,0.8333333333333334,0.8333333333333334
1,2020-08-27,1band,2,0.7232576310634613,54.0,52.4,0.0,0.0,0.5,0.5,0.5,0.5
1,2020-08-31,1band,8,0.7276229560375214,55.0,53.4,0.0,0.0,0.375,0.375,0.625,0.625
1,2020-09-01,1band,37,0.7275083661079407,54.0,52.0,0.0,0.0,0.2972972972972973,0.2972972972972973,0.7027027027027027,0.7027027027027027
1,2020-09-02,1band,16,0.7257002592086792,55.0,48.5,0.0,0.0,0.375,0.375,0.625,0.625
1,2020-09-02,3band,2,0.7201228439807892,55.0,54.2,0.0,0.0,1.0,1.0,0.0,0.0
1,2020-09-04,1band,12,0.7257691621780396,54.0,51.0,0.0,0.0,0.4166666666666667,0.4166666666666667,0.5833333333333334,0.5833333333333334
1,2020-09-05,1band,21,0.7194902896881104,52.0,49.0,0.0,0.0,0.5238095238095238,0.5238095238095238,0.47619047619047616,0.47619047619047616
1,2020-09-07,1band,1,0.7251121401786804,54.0,54.0,0.0,0.0,0.0,0.0,1.0,1.0
1,2020-09-08,1band,12,0.7254513502120972,56.0,52.1,0.0,0.0,0.4166666666666667,0.4166666666666667,0.5833333333333334,0.5833333333333334
1,2020-09-12,1band,30,0.730595052242279,55.5,48.8,0.0,0.0,0.23333333333333334,0.23333333333333334,0.7666666666666667,0.7666666666666667
1,2020-09-14,1band,24,0.7279253602027893,56.0,53.0,0.0,0.0,0.2916666666666667,0.2916666666666667,0.7083333333333334,0.7083333333333334
1,2020-09-15,1band,35,0.725672721862793,56.0,51.4,0.0,0.0,0.4,0.4,0.6,0.6
1,2020-09-15,3band,1,0.7062537670135498,50.0,50.0,0.0,0.0,1.0,1.0,0.0,0.0
1,2020-09-16,1band,30,0.7226808965206146,55.0,51.9,0.0,0.0,0.5,0.5,0.5,0.5
1,2020-09-17,1band,36,0.7302394211292267,57.0,52.0,0.0,0.0,0.19444444444444445,0.19444444444444445,0.8055555555555556,0.8055555555555556
1,2020-09-18,1band,30,0.7276122272014618,55.0,52.0,0.0,0.0,0.43333333333333335,0.43333333333333335,0.5666666666666667,0.5666666666666667
1,2020-09-21,1band,24,0.7301574349403381,56.0,51.0,0.0,0.0,0.25,0.25,0.75,0.75
1,2020-09-22,1band,30,0.7258287370204926,56.0,52.0,0.0,0.0,0.3,0.3,0.7,0.7
2,2020-06-24,3band,2,0.7264208197593689,38.5,36.5,0.0,0.0,0.5,0.5,0.5,0.5
2,2020-06-29,3band,6,0.7272587418556213,39.5,37.0,0.0,0.0,0.3333333333333333,0.3333333333333333,0.6666666666666666,0.6666666666666666
2,2020-06-30,3band,36,0.7360696792602539,41.0,38.0,0.0,0.0,0.1111111111111111,0.1111111111111111,0.8888888888888888,0.8888888888888888
2,2020-07-01,3band,36,0.7297536730766296,41.0,36.5,0.0,0.0,0.3888888888888889,0.3888888888888889,0.6111111111111112,0.6111111111111112
2,2020-07-02,3band,12,0.7306658625602722,40.0,39.0,0.0,0.0,0.08333333333333333,0.08333333333333333,0.9166666666666666,0.9166666666666666
2,2020-07-06,3band,24,0.7223280668258667,41.0,37.3,0.0,0.0,0.5,0.5,0.5,0.5
2,2020-07-07,3band,24,0.7353175580501556,40.0,37.0,0.0,0.0,0.25,0.25,0.75,0.75
2,2020-07-08,3band,24,0.7320116758346558,40.0,38.0,0.0,0.0,0.20833333333333334,0.20833333333333334,0.7916666666666666,0.7916666666666666
2,2020-07-13,3band,24,0.7333957552909851,41.0,37.3,0.0,0.0,0.25,0.25,0.75,0.75
2,2020-07-14,3band,18,0.7348339259624481,39.0,34.7,0.0,0.0,0.16666666666666666,0.16666666666666666,0.8333333333333334,0.8333333333333334
2,2020-07-15,3band,18,0.7306912541389465,40.0,37.7,0.0,0.0,0.2222222222222222,0.2222222222222222,0.7777777777777778,0.7777777777777778
2,2020-07-21,1band,4,0.7366747260093689,41.0,40.3,0.0,0.0,0.25,0.25,0.75,0.75
2,2020-07-21,3band,2,0.7371145188808441,40.5,40.1,0.0,0.0,0.0,0.0,1.0,1.0
2,2020-07-22,1band,9,0.7240583896636963,39.0,35.4,0.0,0.0,0.3333333333333333,0.3333333333333333,0.6666666666666666,0.6666666666666666
2,2020-07-22,3band,1,0.7209325432777405,37.0,37.0,0.0,0.0,1.0,1.0,0.0,0.0
2,2020-07-23,1band,12,0.7309261858463287,38.0,37.0,0.0,0.0,0.08333333333333333,0.08333333333333333,0.9166666666666666,0.9166666666666666
2,2020-07-24,1band,2,0.7247150242328644,39.0,36.6,0.0,0.0,0.5,0.5,0.5,0.5
2,2020-07-27,1band,8,0.7355047166347504,39.5,38.4,0.0,0.0,0.0,0.0,1.0,1.0
2,2020-07-28,1band,10,0.7279980182647705,42.0,38.0,0.0,0.0,0.3,0.3,0.7,0.7
2,2020-08-10,1band,8,0.7285802066326141,46.0,41.4,0.0,0.0,0.125,0.125,0.875,0.875
2,2020-08-11,1band,1,0.7085528373718262,42.0,42.0,0.0,0.0,1.0,1.0,0.0,0.0
2,2020-08-11,3band,1,0.7232663631439209,42.0,42.0,0.0,0.0,0.0,0.0,1.0,1.0
2,2020-08-14,1band,12,0.7266716361045837,44.0,41.1,0.0,0.0,0.25,0.25,0.75,0.75
2,2020-08-15,1band,2,0.7300633192062378,43.0,42.2,0.0,0.0,0.0,0.0,1.0,1.0
2,2020-08-18,1band,6,0.7345775961875916,44.0,42.5,0.0,0.0,0.16666666666666666,0.16666666666666666,0.8333333333333334,0.8333333333333334
2,2020-08-19,1band,9,0.733330249786377,42.0,40.0,0.0,0.0,0.1111111111111111,0.1111111111111111,0.8888888888888888,0.8888888888888888
2,2020-08-19,3band,1,0.7308214902877808,41.0,41.0,0.0,0.0,0.0,0.0,1.0,1.0
2,2020-08-21,1band,6,0.7266607880592346,41.0,39.0,0.0,0.0,0.16666666666666666,0.16666666666666666,0.8333333333333334,0.8333333333333334
2,2020-08-26,1band,6,0.7266236543655396,37.0,35.0,0.0,0.0,0.16666666666666666,0.16666666666666666,0.8333333333333334,0.8333333333333334
2,2020-08-26,3band,2,0.7352260649204254,39.5,39.1,0.0,0.0,0.0,0.0,1.0,1.0
2,2020-08-28,1band,2,0.7215636372566223,36.5,35.3,0.0,0.0,0.5,0.5,0.5,0.5
2,2020-08-31,1band,3,0.7358685731887817,40.0,35.2,0.0,0.0,0.3333333333333333,0.3333333333333333,0.6666666666666666,0.6666666666666666
2,2020-08-31,3band,1,0.6811953783035278,37.0,37.0,0.0,0.0,1.0,1.0,0.0,0.0
2,2020-09-01,1band,8,0.7244424223899841,39.5,37.7,0.0,0.0,0.375,0.375,0.625,0.625
2,2020-09-01,3band,2,0.7196885049343109,40.0,37.6,0.0,0.0,1.0,1.0,0.0,0.0
2,2020-09-02,1band,18,0.7217262089252472,40.5,38.0,0.0,0.0,0.5555555555555556,0.5555555555555556,0.4444444444444444,0.4444444444444444
2,2020-09-04,1band,2,0.7283434569835663,35.5,35.1,0.0,0.0,0.0,0.0,1.0,1.0
2,2020-09-04,3band,1,0.7173378467559814,35.0,35.0,0.0,0.0,1.0,1.0,0.0,0.0
2,2020-09-07,1band,10,0.7202349305152893,40.0,36.8,0.0,0.0,0.7,0.7,0.3,0.3
2,2020-09-07,3band,2,0.7163746058940887,38.0,38.0,0.0,0.0,1.0,1.0,0.0,0.0
2,2020-09-08,1band,10,0.7187805771827698,40.0,37.0,0.0,0.0,0.5,0.5,0.5,0.5
2,2020-09-08,3band,2,0.6958939731121063,40.5,37.7,0.0,0.0,1.0,1.0,0.0,0.0
2,2020-09-12,1band,27,0.7269032001495361,39.0,36.6,0.0,0.0,0.25925925925925924,0.25925925925925924,0.7407407407407407,0.7407407407407407
2,2020-09-12,3band,3,0.7262417674064636,40.0,35.2,0.0,0.0,0.3333333333333333,0.3333333333333333,0.6666666666666666,0.6666666666666666
2,2020-09-14,1band,23,0.7259649634361267,39.0,35.2,0.0,0.0,0.34782608695652173,0.34782608695652173,0.6521739130434783,0.6521739130434783
2,2020-09-14,3band,1,0.7312988638877869,41.0,41.0,0.0,0.0,0.0,0.0,1.0,1.0
2,2020-09-15,1band,31,0.7218353152275085,39.0,36.0,0.0,0.0,0.5161290322580645,0.5161290322580645,0.4838709677419355,0.4838709677419355
2,2020-09-15,3band,6,0.7202306091785431,41.0,38.0,0.0,0.0,0.8333333333333334,0.8333333333333334,0.16666666666666666,0.16666666666666666
2,2020-09-16,1band,29,0.7217782735824585,41.0,37.0,0.0,0.0,0.5172413793103449,0.5172413793103449,0.4827586206896552,0.4827586206896552
2,2020-09-16,3band,1,0.7259215712547302,44.0,44.0,0.0,0.0,0.0,0.0,1.0,1.0
2,2020-09-17,1band,32,0.719477653503418,41.0,37.1,0.0,0.0,0.5625,0.5625,0.4375,0.4375
2,2020-09-17,3band,4,0.7201273143291473,39.5,38.3,0.0,0.0,0.75,0.75,0.25,0.25
2,2020-09-18,1band,27,0.7206332683563232,43.0,38.0,0.0,0.0,0.5925925925925926,0.5925925925925926,0.4074074074074074,0.4074074074074074
2,2020-09-18,3band,3,0.7204212546348572,41.0,40.2,0.0,0.0,0.6666666666666666,0.6666666666666666,0.3333333333333333,0.3333333333333333
2,2020-09-21,1band,21,0.7305058240890503,39.0,37.0,0.0,0.0,0.2857142857142857,0.2857142857142857,0.7142857142857143,0.7142857142857143
2,2020-09-21,3band,3,0.7225887775421143,39.0,39.0,0.0,0.0,0.3333333333333333,0.3333333333333333,0.6666666666666666,0.6666666666666666
2,2020-09-22,1band,26,0.7265316843986511,39.5,37.0,0.0,0.0,0.4230769230769231,0.4230769230769231,0.5769230769230769,0.5769230769230769
2,2020-09-22,3band,4,0.7205010652542114,40.0,38.6,0.0,0.0,0.5,0.5,0.5,0.5
3,2020-06-24,3band,2,0.6963909268379211,44.5,39.3,0.0,0.0,1.0,1.0,0.0,0.0
3,2020-06-29,3band,13,0.685767412185669,45.0,42.2,0.0,0.0,1.0,1.0,0.0,0.0
3,2020-06-30,3band,38,0.6905907690525055,44.5,38.0,0.0,0.0,1.0,1.0,0.0,0.0
3,2020-07-01,3band,36,0.6873069703578949,45.0,39.0,0.0,0.0,1.0,1.0,0.0,0.0
3,2020-07-02,3band,12,0.6961444318294525,42.0,36.2,0.0,0.0,1.0,1.0,0.0,0.0
3,2020-07-06,3band,24,0.6858299672603607,46.5,40.3,0.0,0.0,1.0,1.0,0.0,0.0
3,2020-07-07,3band,24,0.6871399581432343,49.5,46.0,0.0,0.0,1.0,1.0,0.0,0.0
3,2020-07-08,3band,29,0.6837812662124634,47.0,42.8,0.0,0.0,1.0,1.0,0.0,0.0
3,2020-07-13,3band,24,0.6887587010860443,49.5,47.0,0.0,0.0,1.0,1.0,0.0,0.0
3,2020-07-14,3band,36,0.6880982518196106,46.0,40.0,0.0,0.0,1.0,1.0,0.0,0.0
3,2020-07-15,3band,18,0.6926776766777039,46.0,42.0,0.0,0.0,1.0,1.0,0.0,0.0
3,2020-07-21,1band,6,0.5781828463077545,44.0,38.5,0.3333333333333333,0.0,0.6666666666666666,1.0,0.0,0.0
3,2020-07-22,1band,10,0.6196342706680298,52.0,42.7,0.2,0.0,0.8,1.0,0.0,0.0
3,2020-07-23,1band,12,0.6184931695461273,47.0,45.1,0.16666666666666666,0.0,0.8333333333333334,1.0,0.0,0.0
3,2020-07-24,1band,2,0.6494662761688232,53.5,52.3,0.0,0.0,1.0,1.0,0.0,0.0
3,2020-07-27,1band,6,0.5948737263679504,48.0,44.0,0.3333333333333333,0.0,0.6666666666666666,1.0,0.0,0.0
3,2020-08-10,1band,1,0.6833181977272034,42.0,42.0,0.0,0.0,1.0,1.0,0.0,0.0
3,2020-08-14,1band,1,0.6415143013000488,47.0,47.0,0.0,0.0,1.0,1.0,0.0,0.0
3,2020-08-18,1band,1,0.6334819793701172,53.0,53.0,0.0,0.0,1.0,1.0,0.0,0.0
3,2020-08-19,1band,1,0.6165661215782166,55.0,55.0,0.0,0.0,1.0,1.0,0.0,0.0
3,2020-08-31,1band,5,0.6535733342170715,49.0,43.4,0.2,0.0,0.8,1.0,0.0,0.0
3,2020-09-01,1band,23,0.654244601726532,49.0,39.6,0.13043478260869565,0.0,0.8695652173913043,1.0,0.0,0.0
3,2020-09-01,3band,1,0.5515797734260559,46.0,46.0,1.0,0.0,0.0,1.0,0.0,0.0
3,2020-09-04,1band,5,0.6449865102767944,45.0,39.4,0.0,0.0,1.0,1.0,0.0,0.0
3,2020-09-04,3band,1,0.6176549792289734,39.0,39.0,0.0,0.0,1.0,1.0,0.0,0.0
3,2020-09-05,1band,36,0.6586569845676422,49.0,41.5,0.027777777777777776,0.0,0.9722222222222222,1.0,0.0,0.0
3,2020-09-07,1band,11,0.6537083387374878,49.0,44.0,0.0,0.0,1.0,1.0,0.0,0.0
3,2020-09-07,3band,1,0.6455782651901245,47.0,47.0,0.0,0.0,1.0,1.0,0.0,0.0
3,2020-09-08,1band,12,0.6677107512950897,47.0,41.0,0.08333333333333333,0.0,0.9166666666666666,1.0,0.0,0.0
3,2020-09-12,1band,29,0.6311023831367493,46.0,40.0,0.10344827586206896,0.0,0.896551724137931,1.0,0.0,0.0
3,2020-09-12,3band,1,0.692367672920227,43.0,43.0,0.0,0.0,1.0,1.0,0.0,0.0
3,2020-09-14,1band,24,0.6520421802997589,46.5,42.0,0.08333333333333333,0.0,0.9166666666666666,1.0,0.0,0.0
3,2020-09-15,1band,33,0.6528749465942383,48.0,43.0,0.12121212121212122,0.0,0.8787878787878788,1.0,0.0,0.0
3,2020-09-15,3band,3,0.6634901165962219,45.0,41.8,0.0,0.0,1.0,1.0,0.0,0.0
3,2020-09-16,1band,23,0.6165555119514465,48.0,44.0,0.17391304347826086,0.0,0.8260869565217391,1.0,0.0,0.0
3,2020-09-16,3band,1,0.6730412244796753,47.0,47.0,0.0,0.0,1.0,1.0,0.0,0.0
3,2020-09-17,1band,30,0.6420125365257263,48.0,38.9,0.13333333333333333,0.0,0.8666666666666667,1.0,0.0,0.0
3,2020-09-18,1band,29,0.657503604888916,50.0,44.8,0.1724137931034483,0.0,0.8275862068965517,1.0,0.0,0.0
3,2020-09-18,3band,1,0.7043033838272095,50.0,50.0,0.0,0.0,1.0,1.0,0.0,0.0
3,2020-09-21,1band,23,0.6198848485946655,46.0,40.2,0.17391304347826086,0.0,0.8260869565217391,1.0,0.0,0.0
3,2020-09-21,3band,1,0.6683735251426697,41.0,41.0,0.0,0.0,1.0,1.0,0.0,0.0
3,2020-09-22,1band,24,0.638563722372055,48.0,36.3,0.125,0.0,0.875,1.0,0.0,0.0
3,2020-09-22,3band,4,0.6345979273319244,48.5,46.3,0.0,0.0,1.0,1.0,0.0,0.0
