dilate_px,method,ring,n_sides,d1,d2,d3,d4,d5,d6
0,telea_n,real,2216,-10.44,-3.17,-1.04,-0.4,-0.15,-0.08
0,telea_n,decoy,2404,-11.07,-3.48,-1.17,-0.08,-0.12,-0.1
0,telea,real,2215,-10.5,-3.17,-1.04,-0.41,-0.15,-0.08
0,telea,decoy,2405,-11.07,-3.48,-1.17,-0.08,-0.12,-0.1
0,dir,real,2217,-10.38,-3.17,-1.04,-0.4,-0.15,-0.08
0,dir,decoy,2401,-11.08,-3.48,-1.18,-0.08,-0.12,-0.1
0,outside,real,2220,-10.44,-3.17,-1.03,-0.4,-0.15,-0.08
0,outside,decoy,2403,-11.08,-3.48,-1.17,-0.08,-0.12,-0.11
1,telea_n,real,2224,-2.66,-3.13,-1.02,-0.4,-0.15,-0.08
1,telea_n,decoy,2419,-1.6,-3.48,-1.17,-0.07,-0.11,-0.1
1,telea,real,2225,-2.56,-3.14,-1.02,-0.4,-0.15,-0.08
1,telea,decoy,2419,-1.61,-3.48,-1.17,-0.08,-0.11,-0.12
1,dir,real,2217,-7.9,-3.17,-1.04,-0.41,-0.15,-0.08
1,dir,decoy,2415,-2.3,-3.48,-1.17,-0.08,-0.12,-0.11
1,outside,real,2261,-1.67,-3.29,-1.0,-0.38,-0.12,-0.06
1,outside,decoy,2422,-1.63,-3.48,-1.17,-0.08,-0.12,-0.12
2,telea_n,real,2293,-0.75,-0.17,-0.94,-0.35,-0.1,-0.04
2,telea_n,decoy,2420,-0.27,0.01,-1.18,-0.09,-0.12,-0.11
2,telea,real,2297,-0.71,-0.1,-0.94,-0.35,-0.1,-0.04
2,telea,decoy,2422,-0.27,0.0,-1.18,-0.08,-0.12,-0.11
2,dir,real,2218,-8.27,-4.15,-1.04,-0.4,-0.15,-0.08
2,dir,decoy,2416,-0.41,-0.51,-1.18,-0.08,-0.12,-0.11
2,outside,real,2363,-0.21,-0.12,-1.0,-0.35,-0.1,-0.05
2,outside,decoy,2424,-0.29,0.0,-1.18,-0.09,-0.12,-0.12
3,telea_n,real,2422,0.17,0.33,0.33,-0.27,-0.04,0.02
3,telea_n,decoy,2422,0.57,0.35,0.36,-0.09,-0.12,-0.1
3,telea,real,2427,0.23,0.33,0.38,-0.27,-0.04,0.02
3,telea,decoy,2421,0.6,0.34,0.38,-0.09,-0.12,-0.1
3,dir,real,2292,-7.25,-4.56,-1.92,-0.35,-0.1,-0.04
3,dir,decoy,2415,0.33,0.27,0.25,-0.09,-0.12,-0.11
3,outside,real,2363,0.52,0.23,0.3,-0.35,-0.12,-0.02
3,outside,decoy,2423,0.57,0.33,0.38,-0.1,-0.12,-0.12
