machine,date,product,noise_sigma,bg_level,product_level,band_level,band_contrast,top1_devall,n
1,2020-06-22,3band,1.1664073467254639,210.0,145.5,114.0,31.5,,6
1,2020-06-23,3band,1.1633894443511963,210.0,146.0,115.0,31.0,,36
1,2020-06-24,3band,1.1633843779563904,210.0,147.0,115.0,31.0,,36
1,2020-06-25,3band,1.1380477547645569,210.0,147.0,116.5,30.0,,12
1,2020-06-29,3band,1.1981661915779114,210.0,145.0,114.0,30.0,0.7140401005744934,24
1,2020-06-30,3band,1.1705695986747742,210.0,146.0,116.0,30.0,0.7147359549999237,36
1,2020-07-01,3band,1.127833902835846,210.0,147.0,117.0,30.0,0.7172348499298096,36
1,2020-07-02,3band,1.1378545761108398,210.0,147.0,117.0,30.0,0.7119821608066559,12
1,2020-07-06,3band,1.17435884475708,210.0,145.0,114.0,30.0,0.7093414664268494,24
1,2020-07-07,3band,1.1777582168579102,210.0,146.0,115.5,31.0,0.713051974773407,24
1,2020-07-08,3band,1.1800329089164734,210.0,144.0,114.0,29.0,0.7149512469768524,30
1,2020-07-13,3band,1.189868688583374,210.0,145.0,114.5,30.0,0.7095056474208832,24
1,2020-07-14,3band,1.1429566740989685,210.0,147.0,115.0,31.0,0.7093144059181213,36
1,2020-07-15,3band,1.1671629548072815,210.0,147.0,118.0,29.0,0.711408793926239,18
1,2020-07-21,1band,1.2095232605934143,210.0,143.5,113.0,31.0,0.7215853929519653,12
1,2020-07-22,1band,1.1792756915092468,210.0,147.0,117.5,29.5,0.7259246408939362,10
1,2020-07-23,1band,1.1512770056724548,210.0,148.0,120.0,28.0,0.7237365543842316,12
1,2020-07-24,1band,1.125563144683838,210.0,149.0,121.0,28.0,0.7223525643348694,2
1,2020-07-27,1band,1.0287278890609741,210.0,159.0,150.0,22.0,0.0,19
1,2020-07-27,no_band,1.3918207883834839,210.0,141.5,,,0.0,93
1,2020-07-28,1band,1.2897127866744995,210.0,147.0,117.0,30.0,0.705531656742096,10
1,2020-08-10,1band,1.273191213607788,210.0,151.0,122.0,29.0,0.7257472276687622,2
1,2020-08-11,1band,1.3498529195785522,210.0,147.5,120.0,28.0,0.7323192656040192,4
1,2020-08-14,1band,1.3018266558647156,210.0,151.0,122.0,29.0,0.7295251190662384,12
1,2020-08-18,1band,1.2836604714393616,210.0,149.0,121.0,28.5,0.7272242903709412,8
1,2020-08-19,1band,1.2904689311981201,210.0,150.5,122.0,28.0,0.7252710461616516,10
1,2020-08-21,1band,1.3135337829589844,210.0,150.0,122.0,28.5,0.7208521366119385,6
1,2020-08-26,1band,1.3729258179664612,210.0,148.0,120.0,29.0,0.7335216403007507,6
1,2020-08-27,1band,1.4523353576660156,210.0,142.0,111.5,30.5,0.7232576310634613,2
1,2020-08-31,1band,1.4039284586906433,210.0,144.0,115.0,29.5,0.7276229560375214,8
1,2020-09-01,1band,1.3494654893875122,210.0,147.0,117.0,30.0,0.7275083661079407,37
1,2020-09-02,1band,1.3676196932792664,210.0,147.0,115.0,32.0,0.7257002592086792,16
1,2020-09-02,3band,1.389168620109558,210.0,147.5,114.5,33.0,0.7201228439807892,2
1,2020-09-04,1band,1.4084699749946594,210.0,139.0,109.5,29.5,0.7257691621780396,12
1,2020-09-05,1band,1.3842614889144897,210.0,145.0,114.0,30.0,0.7194902896881104,36
1,2020-09-06,1band,1.3577846884727478,210.0,147.0,119.5,27.5,,6
1,2020-09-07,1band,1.3434207439422607,210.0,146.0,114.0,32.0,0.7251121401786804,11
1,2020-09-07,3band,1.3464362621307373,210.0,147.0,116.0,31.0,,1
1,2020-09-08,1band,1.3785837292671204,210.0,144.0,113.5,31.0,0.7254513502120972,12
1,2020-09-12,1band,1.3706470727920532,210.0,144.0,114.0,29.0,0.730595052242279,30
1,2020-09-14,1band,1.3593018054962158,210.0,143.0,114.0,29.5,0.7279253602027893,24
1,2020-09-15,1band,1.35249924659729,210.0,144.0,114.0,30.0,0.725672721862793,35
1,2020-09-15,3band,1.416043996810913,210.0,143.0,115.0,28.0,0.7062537670135498,1
1,2020-09-16,1band,1.3199700713157654,210.0,147.0,118.0,29.0,0.7226808965206146,30
1,2020-09-17,1band,1.335853397846222,210.0,147.0,118.0,29.0,0.7302394211292267,36
1,2020-09-18,1band,1.2708064317703247,210.0,148.0,117.0,30.5,0.7276122272014618,30
1,2020-09-21,1band,1.3403937816619873,210.0,143.0,114.5,29.0,0.7301574349403381,24
1,2020-09-22,1band,1.307874321937561,210.0,146.0,115.0,30.0,0.7258287370204926,30
2,2020-06-22,3band,1.5279867053031921,210.0,110.0,79.0,31.0,,6
2,2020-06-23,3band,1.45234215259552,210.0,110.0,79.0,31.0,,36
2,2020-06-24,3band,1.4977291822433472,210.0,111.0,79.0,32.0,0.7264208197593689,35
2,2020-06-24,no_band,1.4886515140533447,210.0,106.0,,,,1
2,2020-06-25,3band,1.331310749053955,210.0,110.0,81.0,29.0,,6
2,2020-06-29,3band,1.4825999736785889,210.0,110.0,79.5,30.0,0.7272587418556213,24
2,2020-06-30,3band,1.4751869440078735,210.0,110.5,80.0,31.0,0.7360696792602539,36
2,2020-07-01,3band,1.4977291822433472,210.0,111.0,80.0,31.5,0.7297536730766296,36
2,2020-07-02,3band,1.490164577960968,210.0,111.0,78.0,33.0,0.7306658625602722,12
2,2020-07-06,3band,1.5340393781661987,210.0,108.0,77.0,31.0,0.7223280668258667,24
2,2020-07-07,3band,1.4972756505012512,210.0,111.0,78.5,32.0,0.7353175580501556,24
2,2020-07-08,3band,1.5521932244300842,210.0,109.0,78.0,31.0,0.7320116758346558,24
2,2020-07-13,3band,1.5431156158447266,210.0,109.5,79.5,30.5,0.7333957552909851,24
2,2020-07-14,3band,1.5261722803115845,210.0,111.0,79.0,32.0,0.7348339259624481,18
2,2020-07-15,3band,1.449770748615265,210.0,112.0,81.0,31.0,0.7306912541389465,18
2,2020-07-21,1band,1.5711041688919067,207.5,109.5,77.5,31.5,0.7366747260093689,4
2,2020-07-21,3band,1.555218756198883,207.0,108.0,75.0,33.0,0.7371145188808441,2
2,2020-07-22,1band,1.452343463897705,210.0,113.0,81.0,32.0,0.7240583896636963,9
2,2020-07-22,3band,1.5158835649490356,210.0,112.0,82.0,30.0,0.7209325432777405,1
2,2020-07-23,1band,1.4799523949623108,208.0,110.5,78.5,31.0,0.7309261858463287,12
2,2020-07-24,1band,1.4623655080795288,208.5,113.0,79.0,34.0,0.7247150242328644,2
2,2020-07-27,1band,1.5056715607643127,210.0,111.5,80.0,31.5,0.7355047166347504,8
2,2020-07-28,1band,1.4338868260383606,210.0,114.0,83.0,31.0,0.7279980182647705,10
2,2020-08-10,1band,1.6111915707588196,210.0,116.5,85.0,31.0,0.7285802066326141,8
2,2020-08-11,1band,1.6556652784347534,210.0,114.0,83.0,31.0,0.7085528373718262,1
2,2020-08-11,3band,1.6435617208480835,210.0,113.0,82.0,31.0,0.7232663631439209,1
2,2020-08-14,1band,1.5718625783920288,210.0,115.5,84.0,31.0,0.7266716361045837,12
2,2020-08-15,1band,1.5763992667198181,210.0,117.0,86.0,31.0,0.7300633192062378,2
2,2020-08-18,1band,1.5485632419586182,210.0,114.0,83.5,30.0,0.7345775961875916,6
2,2020-08-19,1band,1.545952558517456,210.0,113.0,81.0,32.0,0.733330249786377,9
2,2020-08-19,3band,1.4795775413513184,210.0,116.0,85.0,31.0,0.7308214902877808,1
2,2020-08-21,1band,1.5876508951187134,210.0,113.5,82.0,31.0,0.7266607880592346,6
2,2020-08-26,1band,1.6016655564308167,210.0,113.0,80.0,32.0,0.7266236543655396,6
2,2020-08-26,3band,1.5718605518341064,207.5,112.0,80.0,32.0,0.7352260649204254,2
2,2020-08-28,1band,1.6648997068405151,210.0,104.5,77.5,27.0,0.7215636372566223,2
2,2020-08-31,1band,1.6278376579284668,210.0,107.0,77.0,30.0,0.7358685731887817,7
2,2020-08-31,3band,1.6641470193862915,207.0,106.0,75.0,31.0,0.6811953783035278,1
2,2020-09-01,1band,1.618911862373352,210.0,110.0,78.0,31.0,0.7244424223899841,32
2,2020-09-01,3band,1.649018108844757,210.0,110.5,80.0,30.0,0.7196885049343109,6
2,2020-09-02,1band,1.5715585947036743,210.0,112.0,79.0,32.0,0.7217262089252472,18
2,2020-09-04,1band,1.6792702674865723,209.0,101.0,72.0,30.0,0.7283434569835663,5
2,2020-09-04,3band,1.7594529390335083,210.0,101.0,71.0,30.0,0.7173378467559814,1
2,2020-09-05,1band,1.5804842114448547,210.0,110.0,78.0,31.0,,28
2,2020-09-05,3band,1.6429665088653564,210.0,106.0,76.0,30.0,,8
2,2020-09-06,1band,1.587594985961914,210.0,111.5,81.5,30.5,,6
2,2020-09-07,1band,1.6558260917663574,209.0,109.0,77.0,32.0,0.7202349305152893,10
2,2020-09-07,3band,1.6565802693367004,209.5,105.5,75.0,30.5,0.7163746058940887,2
2,2020-09-08,1band,1.6278381943702698,210.0,106.0,75.5,32.0,0.7187805771827698,10
2,2020-09-08,3band,1.6187602281570435,210.0,110.0,77.0,33.0,0.6958939731121063,2
2,2020-09-12,1band,1.6127086877822876,210.0,108.0,77.0,30.0,0.7269032001495361,27
2,2020-09-12,3band,1.6338891983032227,209.0,105.0,76.0,29.0,0.7262417674064636,3
2,2020-09-14,1band,1.603622317314148,209.0,106.0,77.0,30.0,0.7259649634361267,23
2,2020-09-14,3band,1.6580862998962402,205.0,106.0,77.0,29.0,0.7312988638877869,1
2,2020-09-15,1band,1.6036312580108643,210.0,108.0,77.0,31.0,0.7218353152275085,31
2,2020-09-15,3band,1.612557590007782,210.0,108.5,78.0,30.0,0.7202306091785431,6
2,2020-09-16,1band,1.5727689266204834,210.0,111.0,79.0,31.0,0.7217782735824585,29
2,2020-09-16,3band,1.498031735420227,210.0,111.0,81.0,30.0,0.7259215712547302,1
2,2020-09-17,1band,1.5278356075286865,210.0,111.0,80.5,30.0,0.719477653503418,32
2,2020-09-17,3band,1.6016650199890137,210.0,110.0,79.0,31.0,0.7201273143291473,4
2,2020-09-18,1band,1.527986764907837,210.0,113.0,83.0,30.0,0.7206332683563232,27
2,2020-09-18,3band,1.4674720764160156,210.0,113.0,80.0,33.0,0.7204212546348572,3
2,2020-09-21,1band,1.6006066799163818,210.0,106.0,77.0,29.0,0.7305058240890503,21
2,2020-09-21,3band,1.589259386062622,210.0,109.0,78.0,30.0,0.7225887775421143,3
2,2020-09-22,1band,1.5521929264068604,210.0,108.0,77.0,31.0,0.7265316843986511,26
2,2020-09-22,3band,1.55219304561615,210.0,105.5,75.5,30.0,0.7205010652542114,4
3,2020-06-22,3band,3.490917205810547,210.0,121.5,89.5,32.0,,6
3,2020-06-23,3band,3.5680720806121826,210.0,127.0,94.0,32.0,,36
3,2020-06-24,3band,3.5461326837539673,210.0,127.0,95.0,32.0,0.6963909268379211,36
3,2020-06-25,3band,3.510964274406433,210.0,127.0,95.0,31.0,,12
3,2020-06-29,3band,3.521930694580078,210.0,127.0,95.0,31.0,0.685767412185669,25
3,2020-06-30,3band,3.4462804794311523,210.0,129.0,98.0,30.0,0.6905907690525055,38
3,2020-07-01,3band,3.4599087238311768,210.0,128.5,98.0,30.0,0.6873069703578949,36
3,2020-07-02,3band,3.373669385910034,210.0,130.0,99.0,31.0,0.6961444318294525,12
3,2020-07-06,3band,3.5060473680496216,210.0,126.0,95.0,31.0,0.6858299672603607,24
3,2020-07-07,3band,3.4818450212478638,210.0,127.0,95.0,32.0,0.6871399581432343,24
3,2020-07-08,3band,3.4009015560150146,210.0,127.0,98.0,30.0,0.6837812662124634,29
3,2020-07-13,3band,3.3176989555358887,210.0,127.0,98.0,30.0,0.6887587010860443,24
3,2020-07-14,3band,3.2999156713485718,210.0,128.0,99.0,30.0,0.6880982518196106,36
3,2020-07-15,3band,3.2760931253433228,210.0,129.0,99.0,30.0,0.6926776766777039,18
3,2020-07-21,1band,3.3456820249557495,210.0,127.5,97.0,31.0,0.5781828463077545,6
3,2020-07-22,1band,3.3551418781280518,210.0,128.0,97.0,31.0,0.6196342706680298,10
3,2020-07-23,1band,3.347188949584961,210.0,128.0,97.0,30.5,0.6184931695461273,12
3,2020-07-24,1band,3.403930187225342,210.0,128.0,96.0,32.0,0.6494662761688232,2
3,2020-07-27,1band,3.2571771144866943,210.0,130.0,99.5,30.5,0.5948737263679504,8
3,2020-07-28,1band,3.275326371192932,210.0,130.0,100.0,30.5,,10
3,2020-08-10,1band,3.6308610439300537,210.0,129.0,97.0,32.0,0.6833181977272034,7
3,2020-08-10,3band,3.6482603549957275,210.0,131.0,96.0,35.0,,1
3,2020-08-11,1band,3.574129343032837,210.0,130.0,100.0,30.0,,3
3,2020-08-11,3band,3.645995616912842,210.0,130.0,101.0,29.0,,1
3,2020-08-14,1band,3.5745006799697876,210.0,130.5,99.0,32.0,0.6415143013000488,12
3,2020-08-15,1band,3.4831658601760864,210.0,131.0,101.0,30.0,,2
3,2020-08-18,1band,3.485246181488037,210.0,131.5,100.0,31.0,0.6334819793701172,8
3,2020-08-19,1band,3.431917428970337,210.0,132.0,100.0,31.5,0.6165661215782166,10
3,2020-08-21,1band,3.4082781076431274,210.0,131.5,99.0,31.5,,4
3,2020-08-26,1band,3.5803630352020264,210.0,129.5,99.5,30.0,,6
3,2020-08-31,1band,3.579417109489441,210.0,126.0,97.0,29.5,0.6535733342170715,8
3,2020-09-01,1band,3.624800443649292,210.0,125.0,96.0,30.0,0.654244601726532,23
3,2020-09-01,3band,3.509829521179199,210.0,125.0,95.0,30.0,0.5515797734260559,1
3,2020-09-04,1band,3.7065000534057617,210.0,120.0,92.0,28.0,0.6449865102767944,5
3,2020-09-04,3band,3.7745800018310547,210.0,120.0,90.0,30.0,0.6176549792289734,1
3,2020-09-05,1band,3.5756404399871826,210.0,127.0,96.0,31.0,0.6586569845676422,36
3,2020-09-07,1band,3.5173940658569336,210.0,127.0,95.0,30.0,0.6537083387374878,11
3,2020-09-07,3band,3.470494508743286,210.0,127.0,96.0,31.0,0.6455782651901245,1
3,2020-09-08,1band,3.526471495628357,210.0,127.0,97.0,31.0,0.6677107512950897,12
3,2020-09-12,1band,3.547652006149292,210.0,126.0,97.0,30.0,0.6311023831367493,29
3,2020-09-12,3band,3.4947006702423096,210.0,125.0,95.0,30.0,0.692367672920227,1
3,2020-09-14,1band,3.552949905395508,210.0,125.5,96.0,30.0,0.6520421802997589,24
3,2020-09-15,1band,3.5537025928497314,210.0,125.0,95.0,30.0,0.6528749465942383,33
3,2020-09-15,3band,3.6694321632385254,210.0,123.0,93.0,30.0,0.6634901165962219,3
3,2020-09-16,1band,3.424351215362549,210.0,129.0,100.0,30.0,0.6165555119514465,23
3,2020-09-16,3band,3.564293622970581,210.0,127.0,98.0,29.0,0.6730412244796753,1
3,2020-09-17,1band,3.4568792581558228,210.0,128.5,99.0,30.0,0.6420125365257263,30
3,2020-09-18,1band,3.4583914279937744,210.0,129.0,99.0,30.0,0.657503604888916,29
3,2020-09-18,3band,3.245842933654785,210.0,132.0,100.0,32.0,0.7043033838272095,1
3,2020-09-21,1band,3.5037779808044434,210.0,124.0,94.0,30.0,0.6198848485946655,23
3,2020-09-21,3band,3.6474976539611816,210.0,119.0,90.0,29.0,0.6683735251426697,1
3,2020-09-22,1band,3.5030218362808228,210.0,125.0,95.0,30.0,0.638563722372055,26
3,2020-09-22,3band,3.501126766204834,210.0,123.0,93.5,29.5,0.6345979273319244,4
