kind,alpha,n,recall
band_end,0.1,399,0.0
band_end,0.2,399,0.002506265664160401
band_end,0.3,399,0.07017543859649122
band_end,0.45,399,0.5739348370927319
band_end,0.6,399,0.8446115288220551
band_end,0.8,399,0.9398496240601504
band_end,1.0,399,0.9423558897243107
edge,0.1,400,0.0
edge,0.2,400,0.0025
edge,0.3,400,0.1325
edge,0.45,400,0.75
edge,0.6,400,0.93
edge,0.8,400,0.9625
edge,1.0,400,0.97
in_place,0.1,969,0.0020639834881320948
in_place,0.2,969,0.011351909184726523
in_place,0.3,969,0.20227038183694532
in_place,0.45,969,0.7058823529411765
in_place,0.6,969,0.9091847265221878
in_place,0.8,969,0.9597523219814241
in_place,1.0,969,0.9700722394220846
interior,0.1,400,0.0
interior,0.2,400,0.0
interior,0.3,400,0.185
interior,0.45,400,0.7475
interior,0.6,400,0.9125
interior,0.8,400,0.955
interior,1.0,400,0.965
