mode,outer,deploy,rule,t_raw,n_img,pass_all,n_one,pass_one,n_m3_one,pass_m3_one,n_neg,neg_flag,ood_flagged
lofo,0,fold_model,R0,0.5448,108,0,0,0,0,0,108,1,1
lofo,0,fold_model,R1,0.359,108,0,0,0,0,0,108,1,1
lofo,0,fold_model,R2,"{""1"": 0.6883, ""2"": 0.6679, ""3"": 0.5387}",108,0,0,0,0,0,108,1,1
lofo,0,fold_model,R3,0.5387,108,0,0,0,0,0,108,1,1
lofo,0,fold_model,R4,0.0185,108,0,0,0,0,0,108,4,1
lofo,1,fold_model,R0,0.5448,104,0,0,0,0,0,104,0,1
lofo,1,fold_model,R1,0.0971,104,0,0,0,0,0,104,0,1
lofo,1,fold_model,R2,"{""1"": 0.6883, ""2"": 0.6679, ""3"": 0.5387}",104,0,0,0,0,0,104,0,1
lofo,1,fold_model,R3,0.5387,104,0,0,0,0,0,104,0,1
lofo,1,fold_model,R4,0.0971,104,0,0,0,0,0,104,0,1
lofo,2,fold_model,R0,0.6136,94,2,76,2,18,2,94,0,1
lofo,2,fold_model,R1,0.5923,94,2,76,2,18,2,94,0,1
lofo,2,fold_model,R2,"{""1"": 0.6136, ""2"": 0.6136, ""3"": 0.6136}",94,2,76,2,18,2,94,0,1
lofo,2,fold_model,R3,0.6136,94,2,76,2,18,2,94,0,1
lofo,2,fold_model,R4,0.0753,94,0,76,0,18,0,94,1,1
lofo,3,fold_model,R0,0.5387,94,0,39,0,27,0,94,0,0
lofo,3,fold_model,R1,0.359,94,0,39,0,27,0,94,0,0
lofo,3,fold_model,R2,"{""1"": 0.6883, ""2"": 0.6679, ""3"": 0.5387}",94,6,39,0,27,0,94,0,0
lofo,3,fold_model,R3,0.5387,94,0,39,0,27,0,94,0,0
lofo,3,fold_model,R4,0.0971,94,0,39,0,27,0,94,0,0
nested,2,fold_model,R0,0.6591,94,6,76,6,18,6,94,0,1
nested,2,fold_model,R1,0.6184,94,3,76,3,18,3,94,0,1
nested,2,fold_model,R2,"{""1"": 0.6591, ""2"": 0.6591, ""3"": 0.6591}",94,6,76,6,18,6,94,0,1
nested,2,fold_model,R3,0.6591,94,6,76,6,18,6,94,0,1
nested,2,fold_model,R4,0.2335,94,0,76,0,18,0,94,0,1
nested,2,inner_ensemble,R0,0.6591,94,6,76,6,18,6,94,0,1
nested,2,inner_ensemble,R1,0.6184,94,2,76,2,18,2,94,0,1
nested,2,inner_ensemble,R2,"{""1"": 0.6591, ""2"": 0.6591, ""3"": 0.6591}",94,6,76,6,18,6,94,0,1
nested,2,inner_ensemble,R3,0.6591,94,6,76,6,18,6,94,0,1
nested,2,inner_ensemble,R4,0.2335,94,0,76,0,18,0,94,0,1
nested,3,fold_model,R0,0.6545,94,6,39,6,27,6,94,0,0
nested,3,fold_model,R1,0.563,94,0,39,0,27,0,94,0,0
nested,3,fold_model,R2,"{""1"": 0.6545, ""2"": 0.6729, ""3"": 0.6601}",94,6,39,6,27,6,94,0,0
nested,3,fold_model,R3,0.6545,94,6,39,6,27,6,94,0,0
nested,3,fold_model,R4,0.1728,94,0,39,0,27,0,94,0,0
nested,3,inner_ensemble,R0,0.6545,94,7,39,7,27,7,94,0,0
nested,3,inner_ensemble,R1,0.563,94,0,39,0,27,0,94,0,0
nested,3,inner_ensemble,R2,"{""1"": 0.6545, ""2"": 0.6729, ""3"": 0.6601}",94,7,39,7,27,7,94,0,0
nested,3,inner_ensemble,R3,0.6545,94,7,39,7,27,7,94,0,0
nested,3,inner_ensemble,R4,0.1728,94,0,39,0,27,0,94,0,0
