threshold,recall_one_obj,recall_all,negproxy_fpr
5e-324,1.0,1.0,0.325
2.9009098523086086e-10,1.0,1.0,0.325
2.9094492242834816e-10,1.0,1.0,0.325
3.1950147629123916e-10,1.0,1.0,0.325
3.2506616331153936e-10,1.0,1.0,0.325
3.250661633115394e-10,1.0,1.0,0.3225
3.28258847146747e-10,1.0,1.0,0.3225
3.482387051035676e-10,1.0,1.0,0.3225
3.9286618029134697e-10,1.0,1.0,0.3225
3.9786261276022323e-10,1.0,1.0,0.3225
3.978626127602233e-10,1.0,1.0,0.32
4.0816206511002713e-10,1.0,1.0,0.32
4.081620651100272e-10,1.0,1.0,0.3175
4.5022475480866166e-10,1.0,1.0,0.3175
4.502791304485442e-10,1.0,1.0,0.3175
4.620311089947257e-10,1.0,1.0,0.3175
4.80244302827816e-10,1.0,1.0,0.3175
4.802443028278161e-10,1.0,1.0,0.315
4.859273964605794e-10,1.0,1.0,0.315
5.253216982016983e-10,1.0,1.0,0.315
5.461430093151255e-10,1.0,1.0,0.315
5.471641430284614e-10,1.0,1.0,0.315
5.569302030792279e-10,1.0,1.0,0.315
5.56930203079228e-10,1.0,1.0,0.3125
5.680033031704728e-10,1.0,1.0,0.3125
5.961083085576574e-10,1.0,1.0,0.3125
7.603330626021555e-10,1.0,1.0,0.3125
8.014219378222272e-10,1.0,1.0,0.3125
8.041933712446622e-10,1.0,1.0,0.3125
8.041933712446623e-10,1.0,1.0,0.31
8.131489446426932e-10,1.0,1.0,0.31
8.394845504840347e-10,1.0,1.0,0.31
8.544220955590989e-10,1.0,1.0,0.31
8.600562538660468e-10,1.0,1.0,0.31
8.600562538660469e-10,1.0,1.0,0.3075
8.884901901718816e-10,1.0,1.0,0.3075
8.884901901718817e-10,1.0,1.0,0.305
9.181395938601431e-10,1.0,1.0,0.305
9.701551957337912e-10,1.0,1.0,0.305
1.0878179504649043e-09,1.0,1.0,0.305
1.1209660415450673e-09,1.0,1.0,0.305
1.1367612625794144e-09,1.0,1.0,0.305
1.1367612625794146e-09,1.0,1.0,0.3025
1.2351187514677908e-09,1.0,1.0,0.3025
1.235118751467791e-09,1.0,1.0,0.3
1.2477035292958376e-09,1.0,1.0,0.3
1.2477035292958378e-09,1.0,1.0,0.2975
1.2657068985078007e-09,1.0,1.0,0.2975
1.265706898507801e-09,1.0,1.0,0.295
1.2803404208152501e-09,1.0,1.0,0.295
1.3104410970909179e-09,1.0,1.0,0.295
1.3119160182768585e-09,1.0,1.0,0.295
1.3119160182768587e-09,1.0,1.0,0.2925
1.3914608048948668e-09,1.0,1.0,0.2925
1.4123490457372828e-09,1.0,1.0,0.2925
1.5218499253772318e-09,1.0,1.0,0.2925
1.5706212187186957e-09,1.0,1.0,0.2925
1.6146398212661097e-09,1.0,1.0,0.2925
1.6787482926587734e-09,1.0,1.0,0.2925
1.7293285801422365e-09,1.0,1.0,0.2925
1.7407291403414047e-09,1.0,1.0,0.2925
1.746482007907481e-09,1.0,1.0,0.2925
1.7650849001896011e-09,1.0,1.0,0.2925
1.8152364173174012e-09,1.0,1.0,0.2925
2.197341638383229e-09,1.0,1.0,0.2925
2.1973416383832292e-09,1.0,1.0,0.29
2.2392677544064573e-09,1.0,1.0,0.29
2.251359909053686e-09,1.0,1.0,0.29
2.255128021919421e-09,1.0,1.0,0.29
2.39990856944106e-09,1.0,1.0,0.29
2.5831575251548747e-09,1.0,1.0,0.29
2.583157525154875e-09,1.0,1.0,0.2875
2.590139076708076e-09,1.0,1.0,0.2875
3.304780185591641e-09,1.0,1.0,0.2875
3.3208188836749485e-09,1.0,1.0,0.2875
3.3761917029321413e-09,1.0,1.0,0.2875
3.3761917029321417e-09,1.0,1.0,0.285
3.5409077010972994e-09,1.0,1.0,0.285
3.5409077010972998e-09,1.0,1.0,0.2825
3.610050073755799e-09,1.0,1.0,0.2825
3.6100500737557996e-09,1.0,1.0,0.28
3.9068706634705726e-09,1.0,1.0,0.28
3.950699090619678e-09,1.0,1.0,0.28
4.034172338154982e-09,1.0,1.0,0.28
4.417943053942064e-09,1.0,1.0,0.28
4.417943053942065e-09,1.0,1.0,0.2775
4.573334272163309e-09,1.0,1.0,0.2775
4.819340573863172e-09,1.0,1.0,0.2775
4.819340573863173e-09,1.0,1.0,0.275
6.939674325218088e-09,1.0,1.0,0.275
7.480931318680478e-09,1.0,1.0,0.275
7.48093131868048e-09,1.0,1.0,0.2725
7.653988815502412e-09,1.0,1.0,0.2725
7.94115584576466e-09,1.0,1.0,0.2725
8.236903141842017e-09,1.0,1.0,0.2725
8.236903141842018e-09,1.0,1.0,0.27
8.242059773342915e-09,1.0,1.0,0.27
8.242059773342916e-09,1.0,1.0,0.2675
8.6339005386842e-09,1.0,1.0,0.2675
9.469311915587152e-09,1.0,1.0,0.2675
9.469311915587154e-09,1.0,1.0,0.265
1.1867217568024618e-08,1.0,1.0,0.265
1.186721756802462e-08,1.0,1.0,0.2625
1.2634203048404313e-08,1.0,1.0,0.2625
1.31861695630303e-08,1.0,1.0,0.2625
1.3186169563030302e-08,1.0,1.0,0.26
1.3324905389534119e-08,1.0,1.0,0.26
1.5651175580614627e-08,1.0,1.0,0.26
1.5663862914782798e-08,1.0,1.0,0.26
1.6181615129626847e-08,1.0,1.0,0.26
1.618161512962685e-08,1.0,1.0,0.2575
1.6706129735110013e-08,1.0,1.0,0.2575
1.6706129735110016e-08,1.0,1.0,0.255
1.8844135407325257e-08,1.0,1.0,0.255
1.988084574646752e-08,1.0,1.0,0.255
1.9880845746467523e-08,1.0,1.0,0.2525
2.511074630962297e-08,1.0,1.0,0.2525
2.5110746309622972e-08,1.0,1.0,0.25
2.764772614942426e-08,1.0,1.0,0.25
2.9383841810746955e-08,1.0,1.0,0.25
3.013186896618954e-08,1.0,1.0,0.25
3.0131868966189544e-08,1.0,1.0,0.2475
3.486649041616521e-08,1.0,1.0,0.2475
5.4165795560315273e-08,1.0,1.0,0.2475
5.987027306773904e-08,1.0,1.0,0.2475
6.012377008495922e-08,1.0,1.0,0.2475
6.012377008495923e-08,1.0,1.0,0.245
6.606804568551079e-08,1.0,1.0,0.245
6.60680456855108e-08,1.0,1.0,0.2425
7.297315498302944e-08,1.0,1.0,0.2425
7.297315498302945e-08,1.0,1.0,0.24
7.795026591833508e-08,1.0,1.0,0.24
7.832421979315451e-08,1.0,1.0,0.24
7.832421979315453e-08,1.0,1.0,0.2375
9.379485167522505e-08,1.0,1.0,0.2375
1.1212298575046258e-07,1.0,1.0,0.2375
2.211103846086938e-07,1.0,1.0,0.2375
2.5434685511367836e-07,1.0,1.0,0.2375
2.543468551136784e-07,1.0,1.0,0.235
3.5840466944086363e-07,1.0,1.0,0.235
4.6597505435271696e-07,1.0,1.0,0.235
4.65975054352717e-07,1.0,1.0,0.2325
5.998790203637723e-07,1.0,1.0,0.2325
7.933651378075283e-07,1.0,1.0,0.2325
9.38662984761376e-07,1.0,1.0,0.2325
9.386629847613761e-07,1.0,1.0,0.23
9.506673157823325e-07,1.0,1.0,0.23
1.921558319199287e-06,1.0,1.0,0.23
5.22946151059829e-06,1.0,1.0,0.23
5.229461510598291e-06,1.0,1.0,0.2275
6.130614486064555e-06,1.0,1.0,0.2275
6.130614486064556e-06,1.0,1.0,0.225
7.165445778841449e-06,1.0,1.0,0.225
1.0073481708133104e-05,1.0,1.0,0.225
1.0073481708133106e-05,1.0,1.0,0.2225
1.158073250746215e-05,1.0,1.0,0.2225
1.6522816980289337e-05,1.0,1.0,0.2225
2.4703700218499608e-05,1.0,1.0,0.2225
2.470370021849961e-05,1.0,1.0,0.22
0.001,1.0,1.0,0.22
0.002,1.0,1.0,0.22
0.0020741675997854128,1.0,1.0,0.22
0.0021553795240071374,1.0,1.0,0.22
0.002189115677624747,1.0,1.0,0.22
0.002194734478390562,1.0,1.0,0.22
0.0023254277863762685,1.0,1.0,0.22
0.002348528640649072,1.0,1.0,0.22
0.002356376201307267,1.0,1.0,0.22
0.0023909582144252223,1.0,1.0,0.22
0.002420160193159708,1.0,1.0,0.22
0.0024201601931597085,1.0,1.0,0.2175
0.002469680919746558,1.0,1.0,0.2175
0.0024696809197465586,1.0,1.0,0.215
0.0026097890027296255,1.0,1.0,0.215
0.002660430611289573,1.0,1.0,0.215
0.0026784631994591097,1.0,1.0,0.215
0.00267846319945911,1.0,1.0,0.2125
0.0029154362365507018,1.0,1.0,0.2125
0.002915436236550702,1.0,1.0,0.21
0.003,1.0,1.0,0.21
0.003013961891657891,1.0,1.0,0.21
0.0030849486541949184,1.0,1.0,0.21
0.0031779949330325023,1.0,1.0,0.21
0.003194086776299333,1.0,1.0,0.21
0.003213518682045959,1.0,1.0,0.21
0.003219938500310123,1.0,1.0,0.21
0.0032262837049314747,1.0,1.0,0.21
0.003241695653950244,1.0,1.0,0.21
0.003246534324136769,1.0,1.0,0.21
0.0032465343241367696,1.0,1.0,0.2075
0.0032473622142697284,1.0,1.0,0.2075
0.0032521417044988196,1.0,1.0,0.2075
0.00325214170449882,1.0,1.0,0.205
0.0032781537744857306,1.0,1.0,0.205
0.003333856469623461,1.0,1.0,0.205
0.0033861965423361644,1.0,1.0,0.205
0.00338839645106733,1.0,1.0,0.205
0.0033999541931670585,1.0,1.0,0.205
0.0034263872431980072,1.0,1.0,0.205
0.003444017880359225,1.0,1.0,0.205
0.0034467280896857857,1.0,1.0,0.205
0.003488398714182202,1.0,1.0,0.205
0.0035035445384879356,1.0,1.0,0.205
0.0035136216891676186,1.0,1.0,0.205
0.003513621689167619,1.0,1.0,0.2025
0.003534097125084576,1.0,1.0,0.2025
0.0035340971250845763,1.0,1.0,0.2
0.003540209029188275,1.0,1.0,0.2
0.0035781619573212473,1.0,1.0,0.2
0.00359363021701726,1.0,1.0,0.2
0.003595720123346525,1.0,1.0,0.2
0.003604167539971722,1.0,1.0,0.2
0.0036057365864775592,1.0,1.0,0.2
0.003628502292534704,1.0,1.0,0.2
0.0036327262895860715,1.0,1.0,0.2
0.0036352959519829575,1.0,1.0,0.2
0.0036424928873033495,1.0,1.0,0.2
0.0036472159976696935,1.0,1.0,0.2
0.003675618612714415,1.0,1.0,0.2
0.0036756186127144155,1.0,1.0,0.1975
0.00369012240301798,1.0,1.0,0.1975
0.0036924102989682687,1.0,1.0,0.1975
0.003695177689316283,1.0,1.0,0.1975
0.00369782512883173,1.0,1.0,0.1975
0.003713951937831079,1.0,1.0,0.1975
0.0037819552561009816,1.0,1.0,0.1975
0.003793391852231138,1.0,1.0,0.1975
0.0037933918522311386,1.0,1.0,0.195
0.003807874860997372,1.0,1.0,0.195
0.0038171986343181435,1.0,1.0,0.195
0.0038390398768115715,1.0,1.0,0.195
0.003839039876811572,1.0,1.0,0.1925
0.0038722294634315198,1.0,1.0,0.1925
0.003964434532100028,1.0,1.0,0.1925
0.003964434532100029,1.0,1.0,0.19
0.003970270221652835,1.0,1.0,0.19
0.0039702702216528355,1.0,1.0,0.1875
0.003982208726763194,1.0,1.0,0.1875
0.003982208726763195,1.0,1.0,0.185
0.00398493069283834,1.0,1.0,0.185
0.003985272511061,1.0,1.0,0.185
0.003985272511061001,1.0,1.0,0.1825
0.004,1.0,1.0,0.1825
0.004007964526493448,1.0,1.0,0.1825
0.004040987902979053,1.0,1.0,0.1825
0.004040987902979054,1.0,1.0,0.18
0.004041789699540863,1.0,1.0,0.18
0.00404193842787176,1.0,1.0,0.18
0.004041938427871761,1.0,1.0,0.1775
0.004114120236931827,1.0,1.0,0.1775
0.004114820201366118,1.0,1.0,0.1775
0.004156160442912144,1.0,1.0,0.1775
0.004227666104297562,1.0,1.0,0.1775
0.004239539205558935,1.0,1.0,0.1775
0.004283048838541933,1.0,1.0,0.1775
0.004296096565418574,1.0,1.0,0.1775
0.004300234888969079,1.0,1.0,0.1775
0.00431963781639927,1.0,1.0,0.1775
0.004319701629351078,1.0,1.0,0.1775
0.004319701629351079,1.0,1.0,0.175
0.004334993375253979,1.0,1.0,0.175
0.0043349933752539795,1.0,1.0,0.1725
0.004353090502418261,1.0,1.0,0.1725
0.004372692825620849,1.0,1.0,0.1725
0.00437533520129042,1.0,1.0,0.1725
0.004387938194569373,1.0,1.0,0.1725
0.004392553939342121,1.0,1.0,0.1725
0.004405359775370978,1.0,1.0,0.1725
0.0044053597753709785,1.0,1.0,0.17
0.00440731580956999,1.0,1.0,0.17
0.004435261956985849,1.0,1.0,0.17
0.00443526195698585,1.0,1.0,0.1675
0.004439299388632081,1.0,1.0,0.1675
0.004439330871496544,1.0,1.0,0.1675
0.004447019198381234,1.0,1.0,0.1675
0.004481860871147674,1.0,1.0,0.1675
0.004491303278084391,1.0,1.0,0.1675
0.0045067704661343995,1.0,1.0,0.1675
0.004566313251689632,1.0,1.0,0.1675
0.0045669758980617595,1.0,1.0,0.1675
0.004624541140244403,1.0,1.0,0.1675
0.004624541140244404,1.0,1.0,0.165
0.00468199437290691,1.0,1.0,0.165
0.004732750251720593,1.0,1.0,0.165
0.004732750251720594,1.0,1.0,0.1625
0.004744097671671816,1.0,1.0,0.1625
0.004774798088326839,1.0,1.0,0.1625
0.004777200071704429,1.0,1.0,0.1625
0.004778380708557492,1.0,1.0,0.1625
0.004874724278670074,1.0,1.0,0.1625
0.004874724278670075,1.0,1.0,0.16
0.004886333752569409,1.0,1.0,0.16
0.004887632838983603,1.0,1.0,0.16
0.004887632838983604,1.0,1.0,0.1575
0.004931677251366793,1.0,1.0,0.1575
0.004944479110627892,1.0,1.0,0.1575
0.004944479110627893,1.0,1.0,0.155
0.004968786080112162,1.0,1.0,0.155
0.004968786080112163,1.0,1.0,0.1525
0.004970326911709184,1.0,1.0,0.1525
0.0049703269117091844,1.0,1.0,0.15
0.004979105873974902,1.0,1.0,0.15
0.005,1.0,1.0,0.15
0.005055598729531236,1.0,1.0,0.15
0.005066502503281166,1.0,1.0,0.15
0.005066502503281167,1.0,1.0,0.1475
0.0050810620384312884,1.0,1.0,0.1475
0.005081062038431289,1.0,1.0,0.145
0.0051454478239276605,1.0,1.0,0.145
0.005215848048443059,1.0,1.0,0.145
0.005403184842122347,1.0,1.0,0.145
0.005428195638851339,1.0,1.0,0.145
0.005508113958869806,1.0,1.0,0.145
0.005518494741434453,1.0,1.0,0.145
0.005535440514752624,1.0,1.0,0.145
0.005594134855855691,1.0,1.0,0.145
0.005594134855855692,1.0,1.0,0.1425
0.005683024365193917,1.0,1.0,0.1425
0.005683024365193918,1.0,1.0,0.14
0.005747058418018194,1.0,1.0,0.14
0.00575067183322332,1.0,1.0,0.14
0.005761452561894786,1.0,1.0,0.14
0.005835287668551513,1.0,1.0,0.14
0.005877499073431125,1.0,1.0,0.14
0.005888865610651272,1.0,1.0,0.14
0.005987269056748777,1.0,1.0,0.14
0.006,1.0,1.0,0.14
0.006022808273032782,1.0,1.0,0.14
0.006022808273032783,1.0,1.0,0.1375
0.00606235307853235,1.0,1.0,0.1375
0.006119620548955961,1.0,1.0,0.1375
0.0062402556945530836,1.0,1.0,0.1375
0.006269097370765034,1.0,1.0,0.1375
0.006284967207955624,1.0,1.0,0.1375
0.006305990049475576,1.0,1.0,0.1375
0.00636955865003322,1.0,1.0,0.1375
0.006396980109782737,1.0,1.0,0.1375
0.006396980109782738,1.0,1.0,0.135
0.00647900674305115,1.0,1.0,0.135
0.006557478156776254,1.0,1.0,0.135
0.006673837234303321,1.0,1.0,0.135
0.006696359999871607,1.0,1.0,0.135
0.006822776070639146,1.0,1.0,0.135
0.006825874934535916,1.0,1.0,0.135
0.006828634124506612,1.0,1.0,0.135
0.006848247654286044,1.0,1.0,0.135
0.006864378406701763,1.0,1.0,0.135
0.006874553964293476,1.0,1.0,0.135
0.006874553964293477,1.0,1.0,0.1325
0.006881467410459215,1.0,1.0,0.1325
0.006881467410459216,1.0,1.0,0.13
0.007,1.0,1.0,0.13
0.007116561884684038,1.0,1.0,0.13
0.007167660569090083,1.0,1.0,0.13
0.007167660569090084,1.0,1.0,0.1275
0.007170644886680784,1.0,1.0,0.1275
0.007271014753923649,1.0,1.0,0.1275
0.007323555147966331,1.0,1.0,0.1275
0.007347850290913809,1.0,1.0,0.1275
0.007348565198317911,1.0,1.0,0.1275
0.007376503901758504,1.0,1.0,0.1275
0.007418527070447835,1.0,1.0,0.1275
0.007602669138128645,1.0,1.0,0.1275
0.007602669138128646,1.0,1.0,0.125
0.0076152385979651165,1.0,1.0,0.125
0.007615238597965117,1.0,1.0,0.1225
0.007627675118877627,1.0,1.0,0.1225
0.007835327407508499,1.0,1.0,0.1225
0.007892869257455307,1.0,1.0,0.1225
0.007961857873901971,1.0,1.0,0.1225
0.007961857873901973,1.0,1.0,0.12
0.008,1.0,1.0,0.12
0.008072066290368496,1.0,1.0,0.12
0.008072066290368498,1.0,1.0,0.1175
0.008133814151139339,1.0,1.0,0.1175
0.00813381415113934,1.0,1.0,0.115
0.008188066396083332,1.0,1.0,0.115
0.00823138013713488,1.0,1.0,0.115
0.008231380137134882,1.0,1.0,0.1125
0.008269366789041395,1.0,1.0,0.1125
0.008329008893461722,1.0,1.0,0.1125
0.008329008893461724,1.0,1.0,0.11
0.008346211999133367,1.0,1.0,0.11
0.008611215123811414,1.0,1.0,0.11
0.008747106590509673,1.0,1.0,0.11
0.008757579727870446,1.0,1.0,0.11
0.008802146272856404,1.0,1.0,0.11
0.008802146272856406,1.0,1.0,0.1075
0.009000000000000001,1.0,1.0,0.1075
0.009045838455623966,1.0,1.0,0.1075
0.009071736662912219,1.0,1.0,0.1075
0.009275809054291333,1.0,1.0,0.1075
0.009674875695189138,1.0,1.0,0.1075
0.009739252899766638,1.0,1.0,0.1075
0.009949790088653545,1.0,1.0,0.1075
0.01,1.0,1.0,0.1075
0.010168442930427552,1.0,1.0,0.1075
0.010278825698168481,1.0,1.0,0.1075
0.010278825698168483,1.0,1.0,0.105
0.010547292638442233,1.0,1.0,0.105
0.010547292638442235,1.0,1.0,0.1025
0.01066969160834993,1.0,1.0,0.1025
0.010825079989536478,1.0,1.0,0.1025
0.010826153853115047,1.0,1.0,0.1025
0.01097680778637568,1.0,1.0,0.1025
0.010976807786375681,1.0,1.0,0.1
0.011,1.0,1.0,0.1
0.011624234334704123,1.0,1.0,0.1
0.011624234334704124,1.0,1.0,0.0975
0.011776507358299064,1.0,1.0,0.0975
0.011776507358299066,1.0,1.0,0.095
0.011798698881796296,1.0,1.0,0.095
0.011798698881796297,1.0,1.0,0.0925
0.01197090287642736,1.0,1.0,0.0925
0.011977456813086417,1.0,1.0,0.0925
0.011977456813086419,1.0,1.0,0.09
0.011983529384184292,1.0,1.0,0.09
0.0119976801541826,1.0,1.0,0.09
0.012,1.0,1.0,0.09
0.012126390394392852,1.0,1.0,0.09
0.012264258973651673,1.0,1.0,0.09
0.013000000000000001,1.0,1.0,0.09
0.013024798299364957,1.0,1.0,0.09
0.013249524993972438,1.0,1.0,0.09
0.013312628070658142,1.0,1.0,0.09
0.013398184178391077,1.0,1.0,0.09
0.013538426967577606,1.0,1.0,0.09
0.013756287806626126,1.0,1.0,0.09
0.013756287806626128,1.0,1.0,0.0875
0.013874150930678193,1.0,1.0,0.0875
0.013887268275457212,1.0,1.0,0.0875
0.013887268275457214,1.0,1.0,0.085
0.014,1.0,1.0,0.085
0.014008709488538813,1.0,1.0,0.085
0.014148281179745096,1.0,1.0,0.085
0.014148281179745098,1.0,1.0,0.0825
0.014249353260143944,1.0,1.0,0.0825
0.014249353260143946,1.0,1.0,0.08
0.01432754309658445,1.0,1.0,0.08
0.014972845929020729,1.0,1.0,0.08
0.015,1.0,1.0,0.08
0.015455059612606065,1.0,1.0,0.08
0.015559223849132258,1.0,1.0,0.08
0.015585586161667908,1.0,1.0,0.08
0.01558558616166791,1.0,1.0,0.0775
0.01566888675584943,1.0,1.0,0.0775
0.01586217490931697,1.0,1.0,0.0775
0.016,1.0,1.0,0.0775
0.01693634472522624,1.0,1.0,0.0775
0.016936344725226243,1.0,1.0,0.075
0.017,1.0,1.0,0.075
0.017162084871955523,1.0,1.0,0.075
0.01729645228042337,1.0,1.0,0.075
0.01745288824862864,1.0,1.0,0.075
0.018000000000000002,1.0,1.0,0.075
0.018428679904893486,1.0,1.0,0.075
0.01842867990489349,1.0,1.0,0.0725
0.018992035578224913,1.0,1.0,0.0725
0.019,1.0,1.0,0.0725
0.019475655597954587,1.0,1.0,0.0725
0.01947565559795459,1.0,1.0,0.07
0.01968533284867094,1.0,1.0,0.07
0.019685332848670942,1.0,1.0,0.0675
0.019891470268527865,1.0,1.0,0.0675
0.019891470268527868,1.0,1.0,0.065
0.02,1.0,1.0,0.065
0.020343309925211866,1.0,1.0,0.065
0.020570977710954355,1.0,1.0,0.065
0.021,1.0,1.0,0.065
0.022,1.0,1.0,0.065
0.0221517579541751,1.0,1.0,0.065
0.022385250021043163,1.0,1.0,0.065
0.023,1.0,1.0,0.065
0.02323375698257748,1.0,1.0,0.065
0.023600405805079244,1.0,1.0,0.065
0.023600405805079248,1.0,1.0,0.0625
0.023758865112986444,1.0,1.0,0.0625
0.024,1.0,1.0,0.0625
0.02431320845263864,1.0,1.0,0.0625
0.024313208452638645,1.0,1.0,0.06
0.02431851502479072,1.0,1.0,0.06
0.024318515024790724,1.0,1.0,0.0575
0.024550131878987195,1.0,1.0,0.0575
0.02471554808235041,1.0,1.0,0.0575
0.024895129601063024,1.0,1.0,0.0575
0.024895129601063028,1.0,1.0,0.055
0.02492561801686369,1.0,1.0,0.055
0.024925618016863695,1.0,1.0,0.0525
0.025,1.0,1.0,0.0525
0.025102095333000965,1.0,1.0,0.0525
0.02546116052487234,1.0,1.0,0.0525
0.026000000000000002,1.0,1.0,0.0525
0.026012293902243345,1.0,1.0,0.0525
0.026094380073880222,1.0,1.0,0.0525
0.026770510655140703,1.0,1.0,0.0525
0.02693607731775721,1.0,1.0,0.0525
0.027,1.0,1.0,0.0525
0.027200222062559704,1.0,1.0,0.0525
0.027200222062559707,1.0,1.0,0.05
0.027342454285350114,1.0,1.0,0.05
0.027342454285350117,1.0,1.0,0.0475
0.028,1.0,1.0,0.0475
0.02852245155953661,1.0,1.0,0.0475
0.029,1.0,1.0,0.0475
0.03,1.0,1.0,0.0475
0.03043216759008998,1.0,1.0,0.0475
0.030432167590089983,1.0,1.0,0.045
0.030755683164130743,1.0,1.0,0.045
0.030755683164130746,1.0,1.0,0.0425
0.031,1.0,1.0,0.0425
0.031579783212808944,1.0,1.0,0.0425
0.03157978321280895,1.0,1.0,0.04
0.032,1.0,1.0,0.04
0.033,1.0,1.0,0.04
0.033924275014089504,1.0,1.0,0.04
0.03392427501408951,1.0,1.0,0.0375
0.033946994387227904,1.0,1.0,0.0375
0.03394699438722791,1.0,1.0,0.035
0.034,1.0,1.0,0.035
0.03494227415180952,1.0,1.0,0.035
0.034942274151809526,1.0,1.0,0.0325
0.035,1.0,1.0,0.0325
0.036000000000000004,1.0,1.0,0.0325
0.03625402423269183,1.0,1.0,0.0325
0.036254024232691834,1.0,1.0,0.03
0.037,1.0,1.0,0.03
0.03755366015309164,1.0,1.0,0.03
0.038,1.0,1.0,0.03
0.03876852540977478,1.0,1.0,0.03
0.03876852540977479,1.0,1.0,0.0275
0.039,1.0,1.0,0.0275
0.03923657234267344,1.0,1.0,0.0275
0.04,1.0,1.0,0.0275
0.040530680599346496,1.0,1.0,0.0275
0.0405306805993465,1.0,1.0,0.025
0.040934073884284064,1.0,1.0,0.025
0.04093407388428407,1.0,1.0,0.0225
0.041,1.0,1.0,0.0225
0.042,1.0,1.0,0.0225
0.042071212837361496,1.0,1.0,0.0225
0.0420712128373615,1.0,1.0,0.02
0.043000000000000003,1.0,1.0,0.02
0.044,1.0,1.0,0.02
0.045,1.0,1.0,0.02
0.046,1.0,1.0,0.02
0.04615445656844345,1.0,1.0,0.02
0.047,1.0,1.0,0.02
0.048,1.0,1.0,0.02
0.049,1.0,1.0,0.02
0.05,1.0,1.0,0.02
0.051000000000000004,1.0,1.0,0.02
0.05151263572428525,1.0,1.0,0.02
0.052000000000000005,1.0,1.0,0.02
0.053,1.0,1.0,0.02
0.054,1.0,1.0,0.02
0.055,1.0,1.0,0.02
0.05569931380325264,1.0,1.0,0.02
0.055699313803252645,1.0,1.0,0.0175
0.056,1.0,1.0,0.0175
0.057,1.0,1.0,0.0175
0.058,1.0,1.0,0.0175
0.059000000000000004,1.0,1.0,0.0175
0.059283625823760885,1.0,1.0,0.0175
0.05928362582376089,1.0,1.0,0.015
0.06,1.0,1.0,0.015
0.061,1.0,1.0,0.015
0.06179510455173101,1.0,1.0,0.015
0.062,1.0,1.0,0.015
0.063,1.0,1.0,0.015
0.064,1.0,1.0,0.015
0.065,1.0,1.0,0.015
0.066,1.0,1.0,0.015
0.067,1.0,1.0,0.015
0.068,1.0,1.0,0.015
0.069,1.0,1.0,0.015
0.07,1.0,1.0,0.015
0.07043978338846692,1.0,1.0,0.015
0.07100000000000001,1.0,1.0,0.015
0.07200000000000001,1.0,1.0,0.015
0.073,1.0,1.0,0.015
0.074,1.0,1.0,0.015
0.075,1.0,1.0,0.015
0.076,1.0,1.0,0.015
0.077,1.0,1.0,0.015
0.078,1.0,1.0,0.015
0.079,1.0,1.0,0.015
0.08,1.0,1.0,0.015
0.081,1.0,1.0,0.015
0.082,1.0,1.0,0.015
0.083,1.0,1.0,0.015
0.084,1.0,1.0,0.015
0.085,1.0,1.0,0.015
0.08600000000000001,1.0,1.0,0.015
0.08700000000000001,1.0,1.0,0.015
0.088,1.0,1.0,0.015
0.089,1.0,1.0,0.015
0.09,1.0,1.0,0.015
0.091,1.0,1.0,0.015
0.092,1.0,1.0,0.015
0.093,1.0,1.0,0.015
0.094,1.0,1.0,0.015
0.095,1.0,1.0,0.015
0.096,1.0,1.0,0.015
0.097,1.0,1.0,0.015
0.098,1.0,1.0,0.015
0.099,1.0,1.0,0.015
0.1,1.0,1.0,0.015
0.10040230919575574,1.0,1.0,0.015
0.101,1.0,1.0,0.015
0.10200000000000001,1.0,1.0,0.015
0.10300000000000001,1.0,1.0,0.015
0.10400000000000001,1.0,1.0,0.015
0.105,1.0,1.0,0.015
0.106,1.0,1.0,0.015
0.107,1.0,1.0,0.015
0.108,1.0,1.0,0.015
0.109,1.0,1.0,0.015
0.11,1.0,1.0,0.015
0.111,1.0,1.0,0.015
0.112,1.0,1.0,0.015
0.113,1.0,1.0,0.015
0.114,1.0,1.0,0.015
0.115,1.0,1.0,0.015
0.116,1.0,1.0,0.015
0.116967549768597,1.0,1.0,0.015
0.11696754976859701,1.0,1.0,0.0125
0.117,1.0,1.0,0.0125
0.11800000000000001,1.0,1.0,0.0125
0.11900000000000001,1.0,1.0,0.0125
0.12,1.0,1.0,0.0125
0.121,1.0,1.0,0.0125
0.122,1.0,1.0,0.0125
0.123,1.0,1.0,0.0125
0.123047087784572,1.0,1.0,0.0125
0.12304708778457202,1.0,1.0,0.01
0.124,1.0,1.0,0.01
0.125,1.0,1.0,0.01
0.126,1.0,1.0,0.01
0.127,1.0,1.0,0.01
0.128,1.0,1.0,0.01
0.129,1.0,1.0,0.01
0.13,1.0,1.0,0.01
0.131,1.0,1.0,0.01
0.132,1.0,1.0,0.01
0.133,1.0,1.0,0.01
0.134,1.0,1.0,0.01
0.135,1.0,1.0,0.01
0.136,1.0,1.0,0.01
0.137,1.0,1.0,0.01
0.138,1.0,1.0,0.01
0.139,1.0,1.0,0.01
0.14,1.0,1.0,0.01
0.14100000000000001,1.0,1.0,0.01
0.14200000000000002,1.0,1.0,0.01
0.14300000000000002,1.0,1.0,0.01
0.14400000000000002,1.0,1.0,0.01
0.145,1.0,1.0,0.01
0.146,1.0,1.0,0.01
0.147,1.0,1.0,0.01
0.148,1.0,1.0,0.01
0.149,1.0,1.0,0.01
0.15,1.0,1.0,0.01
0.151,1.0,1.0,0.01
0.152,1.0,1.0,0.01
0.153,1.0,1.0,0.01
0.154,1.0,1.0,0.01
0.155,1.0,1.0,0.01
0.156,1.0,1.0,0.01
0.157,1.0,1.0,0.01
0.158,1.0,1.0,0.01
0.159,1.0,1.0,0.01
0.16,1.0,1.0,0.01
0.161,1.0,1.0,0.01
0.162,1.0,1.0,0.01
0.163,1.0,1.0,0.01
0.164,1.0,1.0,0.01
0.165,1.0,1.0,0.01
0.166,1.0,1.0,0.01
0.167,1.0,1.0,0.01
0.168,1.0,1.0,0.01
0.169,1.0,1.0,0.01
0.17,1.0,1.0,0.01
0.171,1.0,1.0,0.01
0.17200000000000001,1.0,1.0,0.01
0.17300000000000001,1.0,1.0,0.01
0.17400000000000002,1.0,1.0,0.01
0.17500000000000002,1.0,1.0,0.01
0.176,1.0,1.0,0.01
0.177,1.0,1.0,0.01
0.178,1.0,1.0,0.01
0.179,1.0,1.0,0.01
0.18,1.0,1.0,0.01
0.181,1.0,1.0,0.01
0.182,1.0,1.0,0.01
0.183,1.0,1.0,0.01
0.184,1.0,1.0,0.01
0.185,1.0,1.0,0.01
0.186,1.0,1.0,0.01
0.187,1.0,1.0,0.01
0.188,1.0,1.0,0.01
0.189,1.0,1.0,0.01
0.19,1.0,1.0,0.01
0.191,1.0,1.0,0.01
0.192,1.0,1.0,0.01
0.193,1.0,1.0,0.01
0.194,1.0,1.0,0.01
0.195,1.0,1.0,0.01
0.196,1.0,1.0,0.01
0.197,1.0,1.0,0.01
0.198,1.0,1.0,0.01
0.199,1.0,1.0,0.01
0.2,1.0,1.0,0.01
0.201,1.0,1.0,0.01
0.202,1.0,1.0,0.01
0.203,1.0,1.0,0.01
0.20400000000000001,1.0,1.0,0.01
0.20500000000000002,1.0,1.0,0.01
0.20600000000000002,1.0,1.0,0.01
0.20700000000000002,1.0,1.0,0.01
0.20800000000000002,1.0,1.0,0.01
0.209,1.0,1.0,0.01
0.21,1.0,1.0,0.01
0.211,1.0,1.0,0.01
0.212,1.0,1.0,0.01
0.213,1.0,1.0,0.01
0.214,1.0,1.0,0.01
0.215,1.0,1.0,0.01
0.216,1.0,1.0,0.01
0.217,1.0,1.0,0.01
0.218,1.0,1.0,0.01
0.219,1.0,1.0,0.01
0.22,1.0,1.0,0.01
0.221,1.0,1.0,0.01
0.222,1.0,1.0,0.01
0.223,1.0,1.0,0.01
0.224,1.0,1.0,0.01
0.225,1.0,1.0,0.01
0.226,1.0,1.0,0.01
0.227,1.0,1.0,0.01
0.228,1.0,1.0,0.01
0.229,1.0,1.0,0.01
0.23,1.0,1.0,0.01
0.231,1.0,1.0,0.01
0.232,1.0,1.0,0.01
0.233,1.0,1.0,0.01
0.234,1.0,1.0,0.01
0.23500000000000001,1.0,1.0,0.01
0.23600000000000002,1.0,1.0,0.01
0.23700000000000002,1.0,1.0,0.01
0.23800000000000002,1.0,1.0,0.01
0.23900000000000002,1.0,1.0,0.01
0.24,1.0,1.0,0.01
0.241,1.0,1.0,0.01
0.242,1.0,1.0,0.01
0.243,1.0,1.0,0.01
0.244,1.0,1.0,0.01
0.245,1.0,1.0,0.01
0.246,1.0,1.0,0.01
0.247,1.0,1.0,0.01
0.248,1.0,1.0,0.01
0.249,1.0,1.0,0.01
0.25,1.0,1.0,0.01
0.251,1.0,1.0,0.01
0.252,1.0,1.0,0.01
0.253,1.0,1.0,0.01
0.254,1.0,1.0,0.01
0.255,1.0,1.0,0.01
0.256,1.0,1.0,0.01
0.257,1.0,1.0,0.01
0.258,1.0,1.0,0.01
0.259,1.0,1.0,0.01
0.26,1.0,1.0,0.01
0.261,1.0,1.0,0.01
0.262,1.0,1.0,0.01
0.263,1.0,1.0,0.01
0.264,1.0,1.0,0.01
0.265,1.0,1.0,0.01
0.266,1.0,1.0,0.01
0.267,1.0,1.0,0.01
0.268,1.0,1.0,0.01
0.269,1.0,1.0,0.01
0.27,1.0,1.0,0.01
0.271,1.0,1.0,0.01
0.272,1.0,1.0,0.01
0.273,1.0,1.0,0.01
0.274,1.0,1.0,0.01
0.275,1.0,1.0,0.01
0.276,1.0,1.0,0.01
0.277,1.0,1.0,0.01
0.278,1.0,1.0,0.01
0.279,1.0,1.0,0.01
0.28,1.0,1.0,0.01
0.281,1.0,1.0,0.01
0.28200000000000003,1.0,1.0,0.01
0.28300000000000003,1.0,1.0,0.01
0.28400000000000003,1.0,1.0,0.01
0.28500000000000003,1.0,1.0,0.01
0.28600000000000003,1.0,1.0,0.01
0.28700000000000003,1.0,1.0,0.01
0.28800000000000003,1.0,1.0,0.01
0.289,1.0,1.0,0.01
0.29,1.0,1.0,0.01
0.291,1.0,1.0,0.01
0.292,1.0,1.0,0.01
0.293,1.0,1.0,0.01
0.294,1.0,1.0,0.01
0.295,1.0,1.0,0.01
0.296,1.0,1.0,0.01
0.297,1.0,1.0,0.01
0.298,1.0,1.0,0.01
0.299,1.0,1.0,0.01
0.3,1.0,1.0,0.01
0.301,1.0,1.0,0.01
0.302,1.0,1.0,0.01
0.303,1.0,1.0,0.01
0.304,1.0,1.0,0.01
0.305,1.0,1.0,0.01
0.306,1.0,1.0,0.01
0.307,1.0,1.0,0.01
0.308,1.0,1.0,0.01
0.309,1.0,1.0,0.01
0.31,1.0,1.0,0.01
0.311,1.0,1.0,0.01
0.312,1.0,1.0,0.01
0.313,1.0,1.0,0.01
0.314,1.0,1.0,0.01
0.315,1.0,1.0,0.01
0.316,1.0,1.0,0.01
0.317,1.0,1.0,0.01
0.318,1.0,1.0,0.01
0.319,1.0,1.0,0.01
0.32,1.0,1.0,0.01
0.321,1.0,1.0,0.01
0.322,1.0,1.0,0.01
0.323,1.0,1.0,0.01
0.324,1.0,1.0,0.01
0.325,1.0,1.0,0.01
0.326,1.0,1.0,0.01
0.327,1.0,1.0,0.01
0.328,1.0,1.0,0.01
0.329,1.0,1.0,0.01
0.33,1.0,1.0,0.01
0.331,1.0,1.0,0.01
0.332,1.0,1.0,0.01
0.333,1.0,1.0,0.01
0.334,1.0,1.0,0.01
0.335,1.0,1.0,0.01
0.336,1.0,1.0,0.01
0.337,1.0,1.0,0.01
0.338,1.0,1.0,0.01
0.339,1.0,1.0,0.01
0.34,1.0,1.0,0.01
0.341,1.0,1.0,0.01
0.342,1.0,1.0,0.01
0.343,1.0,1.0,0.01
0.34400000000000003,1.0,1.0,0.01
0.34500000000000003,1.0,1.0,0.01
0.34600000000000003,1.0,1.0,0.01
0.34700000000000003,1.0,1.0,0.01
0.34800000000000003,1.0,1.0,0.01
0.34900000000000003,1.0,1.0,0.01
0.35000000000000003,1.0,1.0,0.01
0.35100000000000003,1.0,1.0,0.01
0.352,1.0,1.0,0.01
0.353,1.0,1.0,0.01
0.354,1.0,1.0,0.01
0.355,1.0,1.0,0.01
0.356,1.0,1.0,0.01
0.357,1.0,1.0,0.01
0.358,1.0,1.0,0.01
0.359,1.0,1.0,0.01
0.36,1.0,1.0,0.01
0.361,1.0,1.0,0.01
0.362,1.0,1.0,0.01
0.363,1.0,1.0,0.01
0.364,1.0,1.0,0.01
0.365,1.0,1.0,0.01
0.366,1.0,1.0,0.01
0.367,1.0,1.0,0.01
0.368,1.0,1.0,0.01
0.369,1.0,1.0,0.01
0.37,1.0,1.0,0.01
0.371,1.0,1.0,0.01
0.372,1.0,1.0,0.01
0.373,1.0,1.0,0.01
0.374,1.0,1.0,0.01
0.375,1.0,1.0,0.01
0.376,1.0,1.0,0.01
0.377,1.0,1.0,0.01
0.378,1.0,1.0,0.01
0.379,1.0,1.0,0.01
0.38,1.0,1.0,0.01
0.381,1.0,1.0,0.01
0.382,1.0,1.0,0.01
0.383,1.0,1.0,0.01
0.384,1.0,1.0,0.01
0.385,1.0,1.0,0.01
0.386,1.0,1.0,0.01
0.387,1.0,1.0,0.01
0.388,1.0,1.0,0.01
0.389,1.0,1.0,0.01
0.39,1.0,1.0,0.01
0.391,1.0,1.0,0.01
0.392,1.0,1.0,0.01
0.393,1.0,1.0,0.01
0.394,1.0,1.0,0.01
0.395,1.0,1.0,0.01
0.396,1.0,1.0,0.01
0.397,1.0,1.0,0.01
0.398,1.0,1.0,0.01
0.399,1.0,1.0,0.01
0.4,1.0,1.0,0.01
0.401,1.0,1.0,0.01
0.402,1.0,1.0,0.01
0.403,1.0,1.0,0.01
0.404,1.0,1.0,0.01
0.405,1.0,1.0,0.01
0.406,1.0,1.0,0.01
0.40700000000000003,1.0,1.0,0.01
0.40800000000000003,1.0,1.0,0.01
0.40900000000000003,1.0,1.0,0.01
0.41000000000000003,1.0,1.0,0.01
0.41100000000000003,1.0,1.0,0.01
0.41200000000000003,1.0,1.0,0.01
0.41300000000000003,1.0,1.0,0.01
0.413194188442982,1.0,1.0,0.01
0.41319418844298206,1.0,1.0,0.0075
0.41400000000000003,1.0,1.0,0.0075
0.41500000000000004,1.0,1.0,0.0075
0.41600000000000004,1.0,1.0,0.0075
0.417,1.0,1.0,0.0075
0.418,1.0,1.0,0.0075
0.419,1.0,1.0,0.0075
0.42,1.0,1.0,0.0075
0.421,1.0,1.0,0.0075
0.422,1.0,1.0,0.0075
0.423,1.0,1.0,0.0075
0.424,1.0,1.0,0.0075
0.425,1.0,1.0,0.0075
0.426,1.0,1.0,0.0075
0.427,1.0,1.0,0.0075
0.428,1.0,1.0,0.0075
0.429,1.0,1.0,0.0075
0.43,1.0,1.0,0.0075
0.431,1.0,1.0,0.0075
0.432,1.0,1.0,0.0075
0.433,1.0,1.0,0.0075
0.434,1.0,1.0,0.0075
0.435,1.0,1.0,0.0075
0.436,1.0,1.0,0.0075
0.437,1.0,1.0,0.0075
0.438,1.0,1.0,0.0075
0.439,1.0,1.0,0.0075
0.44,1.0,1.0,0.0075
0.441,1.0,1.0,0.0075
0.442,1.0,1.0,0.0075
0.443,1.0,1.0,0.0075
0.444,1.0,1.0,0.0075
0.445,1.0,1.0,0.0075
0.446,1.0,1.0,0.0075
0.447,1.0,1.0,0.0075
0.448,1.0,1.0,0.0075
0.449,1.0,1.0,0.0075
0.45,1.0,1.0,0.0075
0.451,1.0,1.0,0.0075
0.452,1.0,1.0,0.0075
0.453,1.0,1.0,0.0075
0.454,1.0,1.0,0.0075
0.455,1.0,1.0,0.0075
0.456,1.0,1.0,0.0075
0.457,1.0,1.0,0.0075
0.458,1.0,1.0,0.0075
0.459,1.0,1.0,0.0075
0.46,1.0,1.0,0.0075
0.461,1.0,1.0,0.0075
0.462,1.0,1.0,0.0075
0.463,1.0,1.0,0.0075
0.464,1.0,1.0,0.0075
0.465,1.0,1.0,0.0075
0.466,1.0,1.0,0.0075
0.467,1.0,1.0,0.0075
0.468,1.0,1.0,0.0075
0.46900000000000003,1.0,1.0,0.0075
0.47000000000000003,1.0,1.0,0.0075
0.47100000000000003,1.0,1.0,0.0075
0.47200000000000003,1.0,1.0,0.0075
0.47300000000000003,1.0,1.0,0.0075
0.47400000000000003,1.0,1.0,0.0075
0.47500000000000003,1.0,1.0,0.0075
0.47600000000000003,1.0,1.0,0.0075
0.47700000000000004,1.0,1.0,0.0075
0.47800000000000004,1.0,1.0,0.0075
0.47900000000000004,1.0,1.0,0.0075
0.48,1.0,1.0,0.0075
0.481,1.0,1.0,0.0075
0.482,1.0,1.0,0.0075
0.483,1.0,1.0,0.0075
0.484,1.0,1.0,0.0075
0.485,1.0,1.0,0.0075
0.486,1.0,1.0,0.0075
0.487,1.0,1.0,0.0075
0.488,1.0,1.0,0.0075
0.489,1.0,1.0,0.0075
0.49,1.0,1.0,0.0075
0.491,1.0,1.0,0.0075
0.492,1.0,1.0,0.0075
0.493,1.0,1.0,0.0075
0.494,1.0,1.0,0.0075
0.495,1.0,1.0,0.0075
0.496,1.0,1.0,0.0075
0.497,1.0,1.0,0.0075
0.498,1.0,1.0,0.0075
0.499,1.0,1.0,0.0075
0.5,1.0,1.0,0.0075
0.501,1.0,1.0,0.0075
0.502,1.0,1.0,0.0075
0.503,1.0,1.0,0.0075
0.504,1.0,1.0,0.0075
0.505,1.0,1.0,0.0075
0.506,1.0,1.0,0.0075
0.507,1.0,1.0,0.0075
0.508,1.0,1.0,0.0075
0.509,1.0,1.0,0.0075
0.51,1.0,1.0,0.0075
0.511,1.0,1.0,0.0075
0.512,1.0,1.0,0.0075
0.513,1.0,1.0,0.0075
0.514,1.0,1.0,0.0075
0.515,1.0,1.0,0.0075
0.516,1.0,1.0,0.0075
0.517,1.0,1.0,0.0075
0.518,1.0,1.0,0.0075
0.519,1.0,1.0,0.0075
0.52,1.0,1.0,0.0075
0.521,1.0,1.0,0.0075
0.522,1.0,1.0,0.0075
0.523,1.0,1.0,0.0075
0.524,1.0,1.0,0.0075
0.525,1.0,1.0,0.0075
0.526,1.0,1.0,0.0075
0.527,1.0,1.0,0.0075
0.528,1.0,1.0,0.0075
0.529,1.0,1.0,0.0075
0.53,1.0,1.0,0.0075
0.531,1.0,1.0,0.0075
0.532,1.0,1.0,0.0075
0.533,1.0,1.0,0.0075
0.534,1.0,1.0,0.0075
0.535,1.0,1.0,0.0075
0.536,1.0,1.0,0.0075
0.537,1.0,1.0,0.0075
0.538,1.0,1.0,0.0075
0.539,1.0,1.0,0.0075
0.54,1.0,1.0,0.0075
0.541,1.0,1.0,0.0075
0.542,1.0,1.0,0.0075
0.543,1.0,1.0,0.0075
0.544,1.0,1.0,0.0075
0.545,1.0,1.0,0.0075
0.546,1.0,1.0,0.0075
0.547,1.0,1.0,0.0075
0.548,1.0,1.0,0.0075
0.549,1.0,1.0,0.0075
0.55,1.0,1.0,0.0075
0.551,1.0,1.0,0.0075
0.552,1.0,1.0,0.0075
0.553,1.0,1.0,0.0075
0.554,1.0,1.0,0.0075
0.555,1.0,1.0,0.0075
0.556,1.0,1.0,0.0075
0.557,1.0,1.0,0.0075
0.558,1.0,1.0,0.0075
0.559,1.0,1.0,0.0075
0.56,1.0,1.0,0.0075
0.561,1.0,1.0,0.0075
0.562,1.0,1.0,0.0075
0.5630000000000001,1.0,1.0,0.0075
0.5640000000000001,1.0,1.0,0.0075
0.5650000000000001,1.0,1.0,0.0075
0.5660000000000001,1.0,1.0,0.0075
0.5670000000000001,1.0,1.0,0.0075
0.5680000000000001,1.0,1.0,0.0075
0.5690000000000001,1.0,1.0,0.0075
0.5700000000000001,1.0,1.0,0.0075
0.5710000000000001,1.0,1.0,0.0075
0.5720000000000001,1.0,1.0,0.0075
0.5730000000000001,1.0,1.0,0.0075
0.5740000000000001,1.0,1.0,0.0075
0.5750000000000001,1.0,1.0,0.0075
0.5760000000000001,1.0,1.0,0.0075
0.577,1.0,1.0,0.0075
0.578,1.0,1.0,0.0075
0.579,1.0,1.0,0.0075
0.58,1.0,1.0,0.0075
0.581,1.0,1.0,0.0075
0.582,1.0,1.0,0.0075
0.583,1.0,1.0,0.0075
0.584,1.0,1.0,0.0075
0.585,1.0,1.0,0.0075
0.586,1.0,1.0,0.0075
0.587,1.0,1.0,0.0075
0.588,1.0,1.0,0.0075
0.589,1.0,1.0,0.0075
0.59,1.0,1.0,0.0075
0.591,1.0,1.0,0.0075
0.592,1.0,1.0,0.0075
0.593,1.0,1.0,0.0075
0.594,1.0,1.0,0.0075
0.595,1.0,1.0,0.0075
0.596,1.0,1.0,0.0075
0.597,1.0,1.0,0.0075
0.598,1.0,1.0,0.0075
0.599,1.0,1.0,0.0075
0.6,1.0,1.0,0.0075
0.601,1.0,1.0,0.0075
0.602,1.0,1.0,0.0075
0.603,1.0,1.0,0.0075
0.604,1.0,1.0,0.0075
0.605,1.0,1.0,0.0075
0.606,1.0,1.0,0.0075
0.607,1.0,1.0,0.0075
0.608,1.0,1.0,0.0075
0.609,1.0,1.0,0.0075
0.61,1.0,1.0,0.0075
0.611,1.0,1.0,0.0075
0.612,1.0,1.0,0.0075
0.613,1.0,1.0,0.0075
0.614,1.0,1.0,0.0075
0.615,1.0,1.0,0.0075
0.616,1.0,1.0,0.0075
0.617,1.0,1.0,0.0075
0.618,1.0,1.0,0.0075
0.619,1.0,1.0,0.0075
0.62,1.0,1.0,0.0075
0.621,1.0,1.0,0.0075
0.622,1.0,1.0,0.0075
0.623,1.0,1.0,0.0075
0.6234354146541446,1.0,1.0,0.0075
0.6234354146541448,1.0,1.0,0.005
0.624,1.0,1.0,0.005
0.625,1.0,1.0,0.005
0.626,1.0,1.0,0.005
0.627,1.0,1.0,0.005
0.628,1.0,1.0,0.005
0.629,1.0,1.0,0.005
0.63,1.0,1.0,0.005
0.631,1.0,1.0,0.005
0.632,1.0,1.0,0.005
0.633,1.0,1.0,0.005
0.634,1.0,1.0,0.005
0.635,1.0,1.0,0.005
0.636,1.0,1.0,0.005
0.637,1.0,1.0,0.005
0.638,1.0,1.0,0.005
0.639,1.0,1.0,0.005
0.64,1.0,1.0,0.005
0.641,1.0,1.0,0.005
0.642,1.0,1.0,0.005
0.643,1.0,1.0,0.005
0.644,1.0,1.0,0.005
0.645,1.0,1.0,0.005
0.646,1.0,1.0,0.005
0.647,1.0,1.0,0.005
0.648,1.0,1.0,0.005
0.649,1.0,1.0,0.005
0.65,1.0,1.0,0.005
0.651,1.0,1.0,0.005
0.652,1.0,1.0,0.005
0.653,1.0,1.0,0.005
0.654,1.0,1.0,0.005
0.655,1.0,1.0,0.005
0.656,1.0,1.0,0.005
0.657,1.0,1.0,0.005
0.658,1.0,1.0,0.005
0.659,1.0,1.0,0.005
0.66,1.0,1.0,0.005
0.661,1.0,1.0,0.005
0.662,1.0,1.0,0.005
0.663,1.0,1.0,0.005
0.664,1.0,1.0,0.005
0.665,1.0,1.0,0.005
0.666,1.0,1.0,0.005
0.667,1.0,1.0,0.005
0.668,1.0,1.0,0.005
0.669,1.0,1.0,0.005
0.67,1.0,1.0,0.005
0.671,1.0,1.0,0.005
0.672,1.0,1.0,0.005
0.673,1.0,1.0,0.005
0.674,1.0,1.0,0.005
0.675,1.0,1.0,0.005
0.676,1.0,1.0,0.005
0.677,1.0,1.0,0.005
0.678,1.0,1.0,0.005
0.679,1.0,1.0,0.005
0.68,1.0,1.0,0.005
0.681,1.0,1.0,0.005
0.682,1.0,1.0,0.005
0.683,1.0,1.0,0.005
0.684,1.0,1.0,0.005
0.685,1.0,1.0,0.005
0.686,1.0,1.0,0.005
0.687,1.0,1.0,0.005
0.6880000000000001,1.0,1.0,0.005
0.6890000000000001,1.0,1.0,0.005
0.6900000000000001,1.0,1.0,0.005
0.6910000000000001,1.0,1.0,0.005
0.6920000000000001,1.0,1.0,0.005
0.6930000000000001,1.0,1.0,0.005
0.6940000000000001,1.0,1.0,0.005
0.6950000000000001,1.0,1.0,0.005
0.6960000000000001,1.0,1.0,0.005
0.6970000000000001,1.0,1.0,0.005
0.6980000000000001,1.0,1.0,0.005
0.6990000000000001,1.0,1.0,0.005
0.7000000000000001,1.0,1.0,0.005
0.7010000000000001,1.0,1.0,0.005
0.7020000000000001,1.0,1.0,0.005
0.7030000000000001,1.0,1.0,0.005
0.704,1.0,1.0,0.005
0.705,1.0,1.0,0.005
0.706,1.0,1.0,0.005
0.707,1.0,1.0,0.005
0.708,1.0,1.0,0.005
0.709,1.0,1.0,0.005
0.71,1.0,1.0,0.005
0.711,1.0,1.0,0.005
0.712,1.0,1.0,0.005
0.713,1.0,1.0,0.005
0.714,1.0,1.0,0.005
0.715,1.0,1.0,0.005
0.716,1.0,1.0,0.005
0.717,1.0,1.0,0.005
0.718,1.0,1.0,0.005
0.719,1.0,1.0,0.005
0.72,1.0,1.0,0.005
0.721,1.0,1.0,0.005
0.722,1.0,1.0,0.005
0.723,1.0,1.0,0.005
0.724,1.0,1.0,0.005
0.725,1.0,1.0,0.005
0.726,1.0,1.0,0.005
0.727,1.0,1.0,0.005
0.728,1.0,1.0,0.005
0.729,1.0,1.0,0.005
0.73,1.0,1.0,0.005
0.731,1.0,1.0,0.005
0.732,1.0,1.0,0.005
0.733,1.0,1.0,0.005
0.734,1.0,1.0,0.005
0.735,1.0,1.0,0.005
0.736,1.0,1.0,0.005
0.737,1.0,1.0,0.005
0.738,1.0,1.0,0.005
0.739,1.0,1.0,0.005
0.74,1.0,1.0,0.005
0.741,1.0,1.0,0.005
0.742,1.0,1.0,0.005
0.743,1.0,1.0,0.005
0.744,1.0,1.0,0.005
0.745,1.0,1.0,0.005
0.746,1.0,1.0,0.005
0.747,1.0,1.0,0.005
0.748,1.0,1.0,0.005
0.749,1.0,1.0,0.005
0.75,1.0,1.0,0.005
0.751,1.0,1.0,0.005
0.752,1.0,1.0,0.005
0.753,1.0,1.0,0.005
0.754,1.0,1.0,0.005
0.755,1.0,1.0,0.005
0.756,1.0,1.0,0.005
0.757,1.0,1.0,0.005
0.758,1.0,1.0,0.005
0.759,1.0,1.0,0.005
0.76,1.0,1.0,0.005
0.761,1.0,1.0,0.005
0.762,1.0,1.0,0.005
0.763,1.0,1.0,0.005
0.764,1.0,1.0,0.005
0.765,1.0,1.0,0.005
0.766,1.0,1.0,0.005
0.767,1.0,1.0,0.005
0.768,1.0,1.0,0.005
0.769,1.0,1.0,0.005
0.77,1.0,1.0,0.005
0.771,1.0,1.0,0.005
0.772,1.0,1.0,0.005
0.773,1.0,1.0,0.005
0.774,1.0,1.0,0.005
0.775,1.0,1.0,0.005
0.776,1.0,1.0,0.005
0.777,1.0,1.0,0.005
0.778,1.0,1.0,0.005
0.779,1.0,1.0,0.005
0.78,1.0,1.0,0.005
0.781,1.0,1.0,0.005
0.782,1.0,1.0,0.005
0.783,1.0,1.0,0.005
0.784,1.0,1.0,0.005
0.785,1.0,1.0,0.005
0.785078623447544,1.0,1.0,0.005
0.7850786234475441,1.0,1.0,0.0025
0.786,1.0,1.0,0.0025
0.787,1.0,1.0,0.0025
0.788,1.0,1.0,0.0025
0.789,1.0,1.0,0.0025
0.79,1.0,1.0,0.0025
0.791,1.0,1.0,0.0025
0.792,1.0,1.0,0.0025
0.793,1.0,1.0,0.0025
0.794,1.0,1.0,0.0025
0.795,1.0,1.0,0.0025
0.796,1.0,1.0,0.0025
0.797,1.0,1.0,0.0025
0.798,1.0,1.0,0.0025
0.799,1.0,1.0,0.0025
0.8,1.0,1.0,0.0025
0.8009486221997484,1.0,1.0,0.0025
0.801,1.0,0.9975,0.0025
0.802,1.0,0.9975,0.0025
0.803,1.0,0.9975,0.0025
0.804,1.0,0.9975,0.0025
0.805,1.0,0.9975,0.0025
0.806,1.0,0.9975,0.0025
0.807,1.0,0.9975,0.0025
0.808,1.0,0.9975,0.0025
0.809,1.0,0.9975,0.0025
0.81,1.0,0.9975,0.0025
0.811,1.0,0.9975,0.0025
0.812,1.0,0.9975,0.0025
0.8130000000000001,1.0,0.9975,0.0025
0.8140000000000001,1.0,0.9975,0.0025
0.8150000000000001,1.0,0.9975,0.0025
0.8160000000000001,1.0,0.9975,0.0025
0.8170000000000001,1.0,0.9975,0.0025
0.8180000000000001,1.0,0.9975,0.0025
0.8190000000000001,1.0,0.9975,0.0025
0.8200000000000001,1.0,0.9975,0.0025
0.8210000000000001,1.0,0.9975,0.0025
0.8220000000000001,1.0,0.9975,0.0025
0.8230000000000001,1.0,0.9975,0.0025
0.8240000000000001,1.0,0.9975,0.0025
0.8250000000000001,1.0,0.9975,0.0025
0.8260000000000001,1.0,0.9975,0.0025
0.8270000000000001,1.0,0.9975,0.0025
0.8280000000000001,1.0,0.9975,0.0025
0.8290000000000001,1.0,0.9975,0.0025
0.8300000000000001,1.0,0.9975,0.0025
0.8310000000000001,1.0,0.9975,0.0025
0.8320000000000001,1.0,0.9975,0.0025
0.833,1.0,0.9975,0.0025
0.834,1.0,0.9975,0.0025
0.835,1.0,0.9975,0.0025
0.836,1.0,0.9975,0.0025
0.837,1.0,0.9975,0.0025
0.838,1.0,0.9975,0.0025
0.839,1.0,0.9975,0.0025
0.84,1.0,0.9975,0.0025
0.841,1.0,0.9975,0.0025
0.842,1.0,0.9975,0.0025
0.843,1.0,0.9975,0.0025
0.844,1.0,0.9975,0.0025
0.845,1.0,0.9975,0.0025
0.846,1.0,0.9975,0.0025
0.847,1.0,0.9975,0.0025
0.848,1.0,0.9975,0.0025
0.849,1.0,0.9975,0.0025
0.85,1.0,0.9975,0.0025
0.851,1.0,0.9975,0.0025
0.852,1.0,0.9975,0.0025
0.853,1.0,0.9975,0.0025
0.854,1.0,0.9975,0.0025
0.855,1.0,0.9975,0.0025
0.856,1.0,0.9975,0.0025
0.857,1.0,0.9975,0.0025
0.858,1.0,0.9975,0.0025
0.859,1.0,0.9975,0.0025
0.86,1.0,0.9975,0.0025
0.861,1.0,0.9975,0.0025
0.862,1.0,0.9975,0.0025
0.863,1.0,0.9975,0.0025
0.864,1.0,0.9975,0.0025
0.865,1.0,0.9975,0.0025
0.866,1.0,0.9975,0.0025
0.867,1.0,0.9975,0.0025
0.868,1.0,0.9975,0.0025
0.869,1.0,0.9975,0.0025
0.87,1.0,0.9975,0.0025
0.871,1.0,0.9975,0.0025
0.872,1.0,0.9975,0.0025
0.873,1.0,0.9975,0.0025
0.874,1.0,0.9975,0.0025
0.875,1.0,0.9975,0.0025
0.876,1.0,0.9975,0.0025
0.877,1.0,0.9975,0.0025
0.878,1.0,0.9975,0.0025
0.879,1.0,0.9975,0.0025
0.88,1.0,0.9975,0.0025
0.881,1.0,0.9975,0.0025
0.882,1.0,0.9975,0.0025
0.883,1.0,0.9975,0.0025
0.884,1.0,0.9975,0.0025
0.885,1.0,0.9975,0.0025
0.886,1.0,0.9975,0.0025
0.887,1.0,0.9975,0.0025
0.888,1.0,0.9975,0.0025
0.889,1.0,0.9975,0.0025
0.89,1.0,0.9975,0.0025
0.891,1.0,0.9975,0.0025
0.892,1.0,0.9975,0.0025
0.893,1.0,0.9975,0.0025
0.894,1.0,0.9975,0.0025
0.895,1.0,0.9975,0.0025
0.896,1.0,0.9975,0.0025
0.897,1.0,0.9975,0.0025
0.898,1.0,0.9975,0.0025
0.899,1.0,0.9975,0.0025
0.9,1.0,0.9975,0.0025
0.901,1.0,0.9975,0.0025
0.902,1.0,0.9975,0.0025
0.903,1.0,0.9975,0.0025
0.904,1.0,0.9975,0.0025
0.905,1.0,0.9975,0.0025
0.906,1.0,0.9975,0.0025
0.907,1.0,0.9975,0.0025
0.908,1.0,0.9975,0.0025
0.909,1.0,0.9975,0.0025
0.909797791474445,1.0,0.9975,0.0025
0.91,1.0,0.995,0.0025
0.911,1.0,0.995,0.0025
0.912,1.0,0.995,0.0025
0.913,1.0,0.995,0.0025
0.914,1.0,0.995,0.0025
0.9147524158671898,1.0,0.995,0.0025
0.915,0.991304347826087,0.9925,0.0025
0.916,0.991304347826087,0.9925,0.0025
0.917,0.991304347826087,0.9925,0.0025
0.918,0.991304347826087,0.9925,0.0025
0.919,0.991304347826087,0.9925,0.0025
0.92,0.991304347826087,0.9925,0.0025
0.920863595137911,0.991304347826087,0.9925,0.0025
0.921,0.991304347826087,0.9925,0.0025
0.9219105802890879,0.991304347826087,0.9925,0.0025
0.922,0.9826086956521739,0.99,0.0025
0.923,0.9826086956521739,0.99,0.0025
0.9232977504154092,0.9826086956521739,0.99,0.0025
0.924,0.9826086956521739,0.9875,0.0025
0.925,0.9826086956521739,0.9875,0.0025
0.926,0.9826086956521739,0.9875,0.0025
0.927,0.9826086956521739,0.9875,0.0025
0.9274841235305235,0.9826086956521739,0.9875,0.0025
0.928,0.9739130434782609,0.985,0.0025
0.929,0.9739130434782609,0.985,0.0025
0.93,0.9739130434782609,0.985,0.0025
0.931,0.9739130434782609,0.985,0.0025
0.932,0.9739130434782609,0.985,0.0025
0.9322738339721053,0.9739130434782609,0.985,0.0025
0.933,0.9739130434782609,0.9825,0.0025
0.9337552046294936,0.9739130434782609,0.9825,0.0025
0.9338800302803136,0.9652173913043478,0.98,0.0025
0.934,0.9565217391304348,0.9775,0.0025
0.9343307445519218,0.9565217391304348,0.9775,0.0025
0.9343788367923442,0.9478260869565217,0.975,0.0025
0.934886606735818,0.9478260869565217,0.9725,0.0025
0.935,0.9478260869565217,0.97,0.0025
0.9357291750490719,0.9478260869565217,0.97,0.0025
0.936,0.9478260869565217,0.9675,0.0025
0.936056539782391,0.9478260869565217,0.9675,0.0025
0.9361820254143327,0.9391304347826087,0.965,0.0025
0.9362991203099159,0.9391304347826087,0.9625,0.0025
0.9363541744986565,0.9391304347826087,0.96,0.0025
0.9364832835065418,0.9391304347826087,0.9575,0.0025
0.9364878330284301,0.9391304347826087,0.955,0.0025
0.9365850644012557,0.9391304347826087,0.9525,0.0025
0.937,0.9304347826086956,0.95,0.0025
0.9373351526953055,0.9304347826086956,0.95,0.0025
0.9380000000000001,0.9304347826086956,0.9475,0.0025
0.9384866284611219,0.9304347826086956,0.9475,0.0025
0.9387597558494728,0.9217391304347826,0.945,0.0025
0.9387610047256904,0.9217391304347826,0.9425,0.0025
0.938810101161262,0.9130434782608695,0.94,0.0025
0.9390000000000001,0.9130434782608695,0.9375,0.0025
0.9393382971809403,0.9130434782608695,0.9375,0.0025
0.9394764441046612,0.9130434782608695,0.9375,0.0025
0.9397116875230865,0.9130434782608695,0.935,0.0025
0.9400000000000001,0.9043478260869565,0.9325,0.0025
0.9400144398541136,0.9043478260869565,0.9325,0.0025
0.9401314568748647,0.9043478260869565,0.93,0.0025
0.9406092344945087,0.9043478260869565,0.9275,0.0025
0.940669170388987,0.9043478260869565,0.925,0.0025
0.9407501877170198,0.9043478260869565,0.9225,0.0025
0.9408823279277017,0.9043478260869565,0.92,0.0025
0.9410000000000001,0.9043478260869565,0.9175,0.0025
0.9410002640907023,0.9043478260869565,0.9175,0.0025
0.9410016872308022,0.9043478260869565,0.9175,0.0025
0.9410365309320199,0.8956521739130435,0.915,0.0025
0.9414556618506295,0.8956521739130435,0.9125,0.0025
0.9415811214495459,0.8956521739130435,0.91,0.0025
0.9416472924679145,0.8956521739130435,0.9075,0.0025
0.9417531596546815,0.8869565217391304,0.905,0.0025
0.9420000000000001,0.8869565217391304,0.905,0.0025
0.942132400472897,0.8869565217391304,0.905,0.0025
0.9422613366461136,0.8869565217391304,0.905,0.0025
0.942296005362626,0.8869565217391304,0.9025,0.0025
0.9426450754915505,0.8869565217391304,0.9025,0.0025
0.9427359414338381,0.8869565217391304,0.9,0.0025
0.9427403386306713,0.8869565217391304,0.8975,0.0025
0.942892787305118,0.8869565217391304,0.8975,0.0025
0.9430000000000001,0.8869565217391304,0.8975,0.0025
0.9430092487261135,0.8869565217391304,0.8975,0.0025
0.9430618596103076,0.8869565217391304,0.8975,0.0025
0.9431843938203985,0.8869565217391304,0.8975,0.0025
0.9433272295085218,0.8869565217391304,0.895,0.0025
0.9434318809620014,0.8782608695652174,0.8925,0.0025
0.9434517171220609,0.8695652173913043,0.89,0.0025
0.9435521724994747,0.8695652173913043,0.8875,0.0025
0.9435661311052947,0.8695652173913043,0.8875,0.0025
0.9440000000000001,0.8695652173913043,0.885,0.0025
0.9440996130553088,0.8695652173913043,0.885,0.0025
0.9441772810523343,0.8695652173913043,0.8825,0.0025
0.9442373254261416,0.8695652173913043,0.88,0.0025
0.9442711462169256,0.8695652173913043,0.8775,0.0025
0.9443302890197819,0.8695652173913043,0.875,0.0025
0.944415807468074,0.8695652173913043,0.8725,0.0025
0.9447774815011469,0.8695652173913043,0.87,0.0025
0.9448925425181417,0.8695652173913043,0.87,0.0025
0.9450000000000001,0.8695652173913043,0.87,0.0025
0.94512546927178,0.8695652173913043,0.87,0.0025
0.9451777970496359,0.8695652173913043,0.8675,0.0025
0.9452640378689328,0.8695652173913043,0.865,0.0025
0.9454240533425156,0.8695652173913043,0.8625,0.0025
0.9456219700679942,0.8695652173913043,0.8625,0.0025
0.9457171839801551,0.8695652173913043,0.86,0.0025
0.9457379597774725,0.8695652173913043,0.86,0.0025
0.945824871901469,0.8695652173913043,0.86,0.0025
0.945882658870961,0.8695652173913043,0.86,0.0025
0.945967478836613,0.8695652173913043,0.8575,0.0025
0.9460000000000001,0.8695652173913043,0.855,0.0025
0.9460745257567187,0.8695652173913043,0.855,0.0025
0.9461334050838843,0.8695652173913043,0.855,0.0025
0.9463774786835927,0.8695652173913043,0.855,0.0025
0.94641191431043,0.8695652173913043,0.855,0.0025
0.9464644056763584,0.8695652173913043,0.8525,0.0025
0.9465002781675153,0.8695652173913043,0.85,0.0025
0.946502715321577,0.8695652173913043,0.85,0.0025
0.9465033718993909,0.8695652173913043,0.8475,0.0025
0.9466798626171486,0.8695652173913043,0.845,0.0025
0.9466935481474507,0.8695652173913043,0.845,0.0025
0.9467159579182005,0.8695652173913043,0.845,0.0025
0.9467285985928321,0.8695652173913043,0.845,0.0025
0.946748331874714,0.8695652173913043,0.845,0.0025
0.9468341601628275,0.8695652173913043,0.8425,0.0025
0.9468523742021917,0.8695652173913043,0.84,0.0025
0.9470000000000001,0.8695652173913043,0.84,0.0025
0.9470046488155224,0.8695652173913043,0.84,0.0025
0.9470529241032757,0.8695652173913043,0.8375,0.0025
0.9471207534085543,0.8695652173913043,0.8375,0.0025
0.947121453033178,0.8695652173913043,0.835,0.0025
0.9472239448423428,0.8695652173913043,0.835,0.0025
0.9472257710122421,0.8695652173913043,0.8325,0.0025
0.9473037488237646,0.8695652173913043,0.8325,0.0025
0.9473905718844858,0.8695652173913043,0.8325,0.0025
0.9474169607588051,0.8695652173913043,0.8325,0.0025
0.9474266619407647,0.8695652173913043,0.8325,0.0025
0.9474584383091512,0.8608695652173913,0.83,0.0025
0.9475325103569783,0.8608695652173913,0.83,0.0025
0.9478997782488207,0.8608695652173913,0.8275,0.0025
0.9479004235510513,0.8608695652173913,0.825,0.0025
0.9480000000000001,0.8608695652173913,0.8225,0.0025
0.9481689518130826,0.8608695652173913,0.8225,0.0025
0.9481949328328649,0.8521739130434782,0.82,0.0025
0.9482166275553915,0.8521739130434782,0.8175,0.0025
0.9482234327574824,0.8434782608695652,0.815,0.0025
0.9482901206297931,0.8434782608695652,0.815,0.0025
0.9484402616449027,0.8434782608695652,0.815,0.0025
0.9485482822939788,0.8347826086956521,0.8125,0.0025
0.9485572567613468,0.8347826086956521,0.81,0.0025
0.9485815462356654,0.8347826086956521,0.8075,0.0025
0.9486220809291905,0.8347826086956521,0.805,0.0025
0.9487162184504161,0.8347826086956521,0.805,0.0025
0.948822842666417,0.8347826086956521,0.805,0.0025
0.9488941263709315,0.8347826086956521,0.805,0.0025
0.9490000000000001,0.8347826086956521,0.8025,0.0025
0.9490967033736081,0.8347826086956521,0.8025,0.0025
0.9491879697113563,0.8260869565217391,0.8,0.0025
0.9492046643946842,0.8260869565217391,0.7975,0.0025
0.9492287831999198,0.8260869565217391,0.7975,0.0025
0.9492472000732181,0.8173913043478261,0.795,0.0025
0.9492733166553473,0.8173913043478261,0.7925,0.0025
0.9492902175871206,0.808695652173913,0.79,0.0025
0.9493048883116183,0.808695652173913,0.79,0.0025
0.9493783110187544,0.808695652173913,0.7875,0.0025
0.9495518027336858,0.808695652173913,0.7875,0.0025
0.9497327766632059,0.808695652173913,0.7875,0.0025
0.9497626030298896,0.8,0.785,0.0025
0.9499720604220979,0.8,0.785,0.0025
0.9500000000000001,0.8,0.785,0.0025
0.9500464187082895,0.8,0.785,0.0025
0.950066064946591,0.8,0.785,0.0025
0.9501844474727007,0.8,0.7825,0.0025
0.950207903357135,0.8,0.78,0.0025
0.9503019615469198,0.8,0.7775,0.0025
0.9503497675412201,0.7913043478260869,0.775,0.0025
0.9504500429792675,0.7913043478260869,0.775,0.0025
0.9505230857057663,0.7913043478260869,0.775,0.0025
0.9505649277212409,0.782608695652174,0.7725,0.0025
0.950573059824556,0.782608695652174,0.77,0.0025
0.9507196649530347,0.782608695652174,0.7675,0.0025
0.9507274975312765,0.782608695652174,0.765,0.0025
0.9507672096370138,0.782608695652174,0.765,0.0025
0.950846732381934,0.782608695652174,0.765,0.0025
0.9508740198108749,0.7739130434782608,0.7625,0.0025
0.9508878573743069,0.7739130434782608,0.7625,0.0025
0.9510000000000001,0.7739130434782608,0.76,0.0025
0.9511445812930994,0.7739130434782608,0.76,0.0025
0.951162603015205,0.7739130434782608,0.76,0.0025
0.9511762145676943,0.7739130434782608,0.76,0.0025
0.9512249208212193,0.7739130434782608,0.76,0.0025
0.9512637974836711,0.7739130434782608,0.7575,0.0025
0.9512972361983247,0.7739130434782608,0.7575,0.0025
0.9513362906403501,0.7739130434782608,0.755,0.0025
0.9513405585019741,0.7739130434782608,0.755,0.0025
0.9513552602150959,0.7739130434782608,0.755,0.0025
0.9514047159771561,0.7739130434782608,0.755,0.0025
0.951691642446451,0.7652173913043478,0.7525,0.0025
0.9517541689034882,0.7652173913043478,0.7525,0.0025
0.9518138917795198,0.7652173913043478,0.7525,0.0025
0.9518235566614954,0.7652173913043478,0.7525,0.0025
0.9518947903174837,0.7652173913043478,0.75,0.0025
0.9519888145329823,0.7565217391304347,0.7475,0.0025
0.9520000000000001,0.7565217391304347,0.7475,0.0025
0.9520245444846622,0.7565217391304347,0.7475,0.0025
0.9520724634183308,0.7565217391304347,0.745,0.0025
0.9521689301638221,0.7478260869565218,0.7425,0.0025
0.9522491944727776,0.7478260869565218,0.7425,0.0025
0.9522663054484234,0.7478260869565218,0.7425,0.0025
0.9523099363512014,0.7478260869565218,0.74,0.0025
0.9523395948956656,0.7478260869565218,0.74,0.0025
0.952413231624988,0.7478260869565218,0.7375,0.0025
0.9524235047658839,0.7478260869565218,0.735,0.0025
0.952426769564103,0.7391304347826086,0.7325,0.0025
0.9524857487112722,0.7391304347826086,0.7325,0.0025
0.9525126120418559,0.7391304347826086,0.7325,0.0025
0.9527584465396662,0.7391304347826086,0.7325,0.0025
0.9527893816181335,0.7391304347826086,0.73,0.0025
0.9527932505821258,0.7391304347826086,0.73,0.0025
0.9528614038063692,0.7391304347826086,0.73,0.0025
0.9529054555362516,0.7391304347826086,0.73,0.0025
0.9529069192651769,0.7391304347826086,0.7275,0.0025
0.9530000000000001,0.7391304347826086,0.7275,0.0025
0.9530963939829367,0.7391304347826086,0.7275,0.0025
0.9531295345028243,0.7391304347826086,0.7275,0.0025
0.9531340600179625,0.7391304347826086,0.7275,0.0025
0.9531489649253115,0.7391304347826086,0.7275,0.0025
0.9533054644824385,0.7391304347826086,0.725,0.0025
0.9533336419704551,0.7391304347826086,0.725,0.0025
0.9533871809386135,0.7391304347826086,0.725,0.0025
0.9534259535636482,0.7391304347826086,0.725,0.0025
0.9535721476952412,0.7391304347826086,0.7225,0.0025
0.9535870325000129,0.7391304347826086,0.7225,0.0025
0.9536565686374089,0.7391304347826086,0.7225,0.0025
0.9537531807374936,0.7304347826086957,0.72,0.0025
0.9537815829771829,0.7304347826086957,0.72,0.0025
0.9538885472617269,0.7304347826086957,0.72,0.0025
0.9539101886374092,0.7304347826086957,0.72,0.0025
0.9539261483313998,0.7304347826086957,0.72,0.0025
0.9539388125646245,0.7304347826086957,0.72,0.0025
0.9539490802105659,0.7304347826086957,0.72,0.0025
0.9540000000000001,0.7304347826086957,0.72,0.0025
0.954020502984611,0.7304347826086957,0.72,0.0025
0.954030685602122,0.7217391304347827,0.7175,0.0025
0.9540412509080911,0.7217391304347827,0.715,0.0025
0.9541313282958268,0.7217391304347827,0.715,0.0025
0.9541319098929936,0.7217391304347827,0.7125,0.0025
0.954159900645473,0.7217391304347827,0.71,0.0025
0.9541693070601687,0.7217391304347827,0.71,0.0025
0.9541979610234081,0.7130434782608696,0.7075,0.0025
0.954204168322897,0.7130434782608696,0.7075,0.0025
0.9543004788647422,0.7130434782608696,0.705,0.0025
0.9543459490559626,0.7130434782608696,0.705,0.0025
0.9544215783309683,0.7130434782608696,0.7025,0.0025
0.9545004369355837,0.7130434782608696,0.7,0.0025
0.9546260587152121,0.7043478260869566,0.6975,0.0025
0.954709858361372,0.6956521739130435,0.695,0.0025
0.9547146206344219,0.6956521739130435,0.695,0.0025
0.954774241513343,0.6956521739130435,0.695,0.0025
0.954813660360488,0.6956521739130435,0.695,0.0025
0.9548431422063187,0.6956521739130435,0.6925,0.0025
0.9549385962810043,0.6956521739130435,0.6925,0.0025
0.9549866390062604,0.6956521739130435,0.6925,0.0025
0.9550000000000001,0.6956521739130435,0.69,0.0025
0.9550196648251615,0.6956521739130435,0.69,0.0025
0.9550435447896479,0.6956521739130435,0.69,0.0025
0.9552297939898521,0.6956521739130435,0.6875,0.0025
0.9552947903796677,0.6956521739130435,0.6875,0.0025
0.955307908950272,0.6956521739130435,0.6875,0.0025
0.9553149964261766,0.6956521739130435,0.6875,0.0025
0.9553356738457054,0.6956521739130435,0.685,0.0025
0.9553814938492118,0.6956521739130435,0.685,0.0025
0.9554607385492813,0.6869565217391305,0.6825,0.0025
0.9554761347759986,0.6869565217391305,0.68,0.0025
0.9554894472934166,0.6869565217391305,0.6775,0.0025
0.9555459422264907,0.6869565217391305,0.6775,0.0025
0.9555603732232335,0.6869565217391305,0.6775,0.0025
0.9555725458013108,0.6869565217391305,0.6775,0.0025
0.9556197404447794,0.6869565217391305,0.675,0.0025
0.955657409284159,0.6869565217391305,0.675,0.0025
0.955718417413821,0.6869565217391305,0.675,0.0025
0.9557542339144176,0.6869565217391305,0.6725,0.0025
0.955801948590744,0.6869565217391305,0.6725,0.0025
0.9558034421290492,0.6869565217391305,0.6725,0.0025
0.9558678286969284,0.6782608695652174,0.67,0.0025
0.9558764856166029,0.6782608695652174,0.6675,0.0025
0.9558985594715544,0.6782608695652174,0.6675,0.0025
0.955919727877214,0.6695652173913044,0.665,0.0025
0.9559273784831179,0.6695652173913044,0.665,0.0025
0.9559307304408194,0.6695652173913044,0.665,0.0025
0.9559948747004626,0.6695652173913044,0.6625,0.0025
0.9560000000000001,0.6695652173913044,0.6625,0.0025
0.9560737351984587,0.6695652173913044,0.6625,0.0025
0.9560804255949157,0.6695652173913044,0.6625,0.0025
0.9560872907093756,0.6695652173913044,0.66,0.0025
0.9561294788259105,0.6695652173913044,0.66,0.0025
0.9561366628104774,0.6695652173913044,0.6575,0.0025
0.956138414894913,0.6695652173913044,0.6575,0.0025
0.9561888704071868,0.6695652173913044,0.655,0.0025
0.9561895976822589,0.6695652173913044,0.655,0.0025
0.956204316714646,0.6695652173913044,0.6525,0.0025
0.9562254406898663,0.6695652173913044,0.6525,0.0025
0.9562664864164246,0.6695652173913044,0.6525,0.0025
0.9562694462009881,0.6695652173913044,0.65,0.0025
0.9563419100635016,0.6695652173913044,0.65,0.0025
0.9563446114452647,0.6695652173913044,0.6475,0.0025
0.9563723049243452,0.6695652173913044,0.645,0.0025
0.9563985643866167,0.6695652173913044,0.645,0.0025
0.9564183568362975,0.6695652173913044,0.645,0.0025
0.9564203572669048,0.6695652173913044,0.6425,0.0025
0.9564249620765974,0.6695652173913044,0.6425,0.0025
0.9564846075461371,0.6695652173913044,0.64,0.0025
0.956523285237914,0.6695652173913044,0.6375,0.0025
0.9565414489030369,0.6695652173913044,0.635,0.0025
0.9565425733533949,0.6695652173913044,0.635,0.0025
0.9565807232364658,0.6608695652173913,0.6325,0.0025
0.9565963526177462,0.6608695652173913,0.6325,0.0025
0.9566007073629264,0.6608695652173913,0.6325,0.0025
0.9566028902830834,0.6608695652173913,0.63,0.0025
0.9566713712644789,0.6608695652173913,0.63,0.0025
0.9566744083142688,0.6608695652173913,0.6275,0.0025
0.9566896157855217,0.6608695652173913,0.6275,0.0025
0.9567568953035924,0.6608695652173913,0.6275,0.0025
0.9567957196302983,0.6608695652173913,0.6275,0.0025
0.9568063533041001,0.6608695652173913,0.6275,0.0025
0.9568151811355962,0.6608695652173913,0.6275,0.0025
0.956824817590054,0.6608695652173913,0.625,0.0025
0.9568341894848215,0.6608695652173913,0.6225,0.0025
0.9568372464367343,0.6608695652173913,0.62,0.0025
0.9568621092875944,0.6608695652173913,0.62,0.0025
0.9569940194432198,0.6608695652173913,0.62,0.0025
0.9569971896444709,0.6608695652173913,0.62,0.0025
0.9570000000000001,0.6608695652173913,0.62,0.0025
0.9570259405402854,0.6608695652173913,0.62,0.0025
0.9570276580479183,0.6608695652173913,0.62,0.0025
0.9570646211902474,0.6608695652173913,0.62,0.0025
0.9571490850468503,0.6608695652173913,0.62,0.0025
0.9571715044035091,0.6608695652173913,0.6175,0.0025
0.9572048348648434,0.6608695652173913,0.6175,0.0025
0.9572095957600834,0.6608695652173913,0.615,0.0025
0.9572826136615689,0.6608695652173913,0.615,0.0025
0.957311896581183,0.6608695652173913,0.615,0.0025
0.9573752055420296,0.6608695652173913,0.6125,0.0025
0.9574079959403327,0.6608695652173913,0.6125,0.0025
0.957445886170785,0.6608695652173913,0.6125,0.0025
0.9574605493347091,0.6608695652173913,0.6125,0.0025
0.9575582350209059,0.6608695652173913,0.6125,0.0025
0.9575614321122714,0.6608695652173913,0.61,0.0025
0.9575788220144822,0.6608695652173913,0.61,0.0025
0.9575853883846234,0.6608695652173913,0.61,0.0025
0.9576505439662677,0.6608695652173913,0.6075,0.0025
0.9576653654190688,0.6608695652173913,0.6075,0.0025
0.9576697465991539,0.6608695652173913,0.6075,0.0025
0.9576762866964893,0.6608695652173913,0.605,0.0025
0.9576962918949623,0.6608695652173913,0.6025,0.0025
0.9577113149314269,0.6608695652173913,0.6025,0.0025
0.9577123436109448,0.6608695652173913,0.6,0.0025
0.9577625723691217,0.6608695652173913,0.6,0.0025
0.9577660518661177,0.6608695652173913,0.5975,0.0025
0.9578046680360425,0.6608695652173913,0.5975,0.0025
0.9578166648450894,0.6521739130434783,0.595,0.0025
0.9579231621262748,0.6521739130434783,0.5925,0.0025
0.9579327079667712,0.6521739130434783,0.59,0.0025
0.9579561989927926,0.6521739130434783,0.5875,0.0025
0.9580000000000001,0.6521739130434783,0.5875,0.0025
0.9580010957623486,0.6521739130434783,0.5875,0.0025
0.9580117637149496,0.6521739130434783,0.5875,0.0025
0.9580458875134131,0.6521739130434783,0.585,0.0025
0.9580468701459822,0.6434782608695652,0.5825,0.0025
0.9580487078633112,0.6434782608695652,0.58,0.0025
0.9580879056320833,0.6434782608695652,0.5775,0.0025
0.9580891388256523,0.6434782608695652,0.5775,0.0025
0.958096944185329,0.6434782608695652,0.575,0.0025
0.9581551336070455,0.6434782608695652,0.5725,0.0025
0.9582833426989499,0.6434782608695652,0.5725,0.0025
0.95830332574587,0.6434782608695652,0.57,0.0025
0.9583051437992182,0.6434782608695652,0.5675,0.0025
0.9583689567095527,0.6434782608695652,0.5675,0.0025
0.9585713991441694,0.6434782608695652,0.5675,0.0025
0.9585763311010482,0.6434782608695652,0.565,0.0025
0.9586268094800926,0.6434782608695652,0.565,0.0025
0.9586390475927544,0.6434782608695652,0.5625,0.0025
0.9586972873391277,0.6434782608695652,0.5625,0.0025
0.9587053050828009,0.6434782608695652,0.56,0.0025
0.9587078151976263,0.6434782608695652,0.56,0.0025
0.9587148118366888,0.6434782608695652,0.5575,0.0025
0.9587265667180884,0.6434782608695652,0.555,0.0025
0.9587457682370206,0.6434782608695652,0.5525,0.0025
0.9587685251216644,0.6434782608695652,0.5525,0.0025
0.9588138539321513,0.6434782608695652,0.5525,0.0025
0.9588256515758554,0.6434782608695652,0.5525,0.0025
0.9588310786621304,0.6434782608695652,0.5525,0.0025
0.9588362846390293,0.6434782608695652,0.5525,0.0025
0.9588531722204895,0.6434782608695652,0.55,0.0025
0.9588609980743371,0.6434782608695652,0.55,0.0025
0.9588662992055024,0.6434782608695652,0.55,0.0025
0.9588784376632287,0.6347826086956522,0.5475,0.0025
0.9588834715078346,0.6347826086956522,0.5475,0.0025
0.9589265087925822,0.6347826086956522,0.545,0.0025
0.9589285004149709,0.6347826086956522,0.545,0.0025
0.9589341014207949,0.6347826086956522,0.545,0.0025
0.958953091266784,0.6347826086956522,0.5425,0.0025
0.9590000000000001,0.6347826086956522,0.5425,0.0025
0.9590287922728947,0.6347826086956522,0.5425,0.0025
0.9590379097965148,0.6347826086956522,0.5425,0.0025
0.9590475369778402,0.6347826086956522,0.5425,0.0025
0.9590851143755978,0.6347826086956522,0.54,0.0025
0.9591047750205226,0.6347826086956522,0.54,0.0025
0.9591336093548747,0.6347826086956522,0.54,0.0025
0.9591401116156598,0.6347826086956522,0.54,0.0025
0.959180184894612,0.6347826086956522,0.5375,0.0025
0.9592099957109178,0.6347826086956522,0.5375,0.0025
0.9592815332577828,0.6347826086956522,0.5375,0.0025
0.9592901950057854,0.6347826086956522,0.5375,0.0025
0.9593049959664921,0.6347826086956522,0.5375,0.0025
0.9593426983314337,0.6347826086956522,0.5375,0.0025
0.9593674985616443,0.6347826086956522,0.5375,0.0025
0.959375198960685,0.6347826086956522,0.5375,0.0025
0.9593835726260262,0.6347826086956522,0.5375,0.0025
0.9594020180158613,0.6347826086956522,0.535,0.0025
0.9594364176126627,0.6347826086956522,0.535,0.0025
0.9594413802315039,0.6260869565217392,0.5325,0.0025
0.9594595985409308,0.6173913043478261,0.53,0.0025
0.9594606923023801,0.6173913043478261,0.53,0.0025
0.9596004634179123,0.6173913043478261,0.5275,0.0025
0.9596423547966846,0.6173913043478261,0.5275,0.0025
0.9596442644188153,0.6173913043478261,0.525,0.0025
0.9596463076933124,0.6086956521739131,0.5225,0.0025
0.9596659234755605,0.6086956521739131,0.5225,0.0025
0.9596892361746305,0.6086956521739131,0.5225,0.0025
0.9597409218635744,0.6086956521739131,0.5225,0.0025
0.9597574237711273,0.6086956521739131,0.5225,0.0025
0.9597683769404459,0.6086956521739131,0.52,0.0025
0.9597820211633609,0.6,0.5175,0.0025
0.9598155468159706,0.6,0.5175,0.0025
0.9598818848721744,0.6,0.515,0.0025
0.9598876349718255,0.6,0.515,0.0025
0.9599401126324345,0.6,0.515,0.0025
0.9599536418307788,0.6,0.515,0.0025
0.9599767141956286,0.6,0.515,0.0025
0.96,0.6,0.515,0.0025
0.9600379826107338,0.6,0.515,0.0025
0.9600471616453471,0.6,0.5125,0.0025
0.960118889284037,0.6,0.5125,0.0025
0.9601206483881493,0.6,0.51,0.0025
0.9601231085100469,0.6,0.5075,0.0025
0.9601886712626556,0.6,0.505,0.0025
0.960209680078077,0.6,0.5025,0.0025
0.9602099927959736,0.6,0.5025,0.0025
0.9602374401910219,0.6,0.5,0.0025
0.9602807192976711,0.6,0.5,0.0025
0.9603063280541281,0.6,0.5,0.0025
0.960325242471702,0.6,0.5,0.0025
0.9603286104272123,0.6,0.5,0.0025
0.9603301662109404,0.6,0.5,0.0025
0.9603346342125467,0.6,0.4975,0.0025
0.9603439865666444,0.6,0.4975,0.0025
0.9603721155019698,0.6,0.4975,0.0025
0.9603954399472665,0.6,0.4975,0.0025
0.9604347084642779,0.6,0.4975,0.0025
0.9604375066270882,0.591304347826087,0.495,0.0025
0.9604512960396275,0.5826086956521739,0.4925,0.0025
0.9604853873120928,0.5826086956521739,0.4925,0.0025
0.9605176918360766,0.5826086956521739,0.49,0.0025
0.9605279691763163,0.5739130434782609,0.4875,0.0025
0.9605859850883941,0.5739130434782609,0.4875,0.0025
0.9606148229664089,0.5739130434782609,0.485,0.0025
0.9606340078107861,0.5739130434782609,0.485,0.0025
0.9606432693034853,0.5739130434782609,0.485,0.0025
0.9606504423135523,0.5739130434782609,0.485,0.0025
0.96068393182742,0.5739130434782609,0.485,0.0025
0.9606868238720783,0.5739130434782609,0.485,0.0025
0.9607306105185118,0.5652173913043478,0.4825,0.0025
0.9607427648143306,0.5652173913043478,0.48,0.0025
0.9607470347356427,0.5652173913043478,0.4775,0.0025
0.9607484748271742,0.5652173913043478,0.4775,0.0025
0.9607504959576982,0.5652173913043478,0.475,0.0025
0.960766624989053,0.5652173913043478,0.475,0.0025
0.9607840633496936,0.5652173913043478,0.475,0.0025
0.9607951983649233,0.5652173913043478,0.475,0.0025
0.96082187975204,0.5652173913043478,0.475,0.0025
0.9608516450996247,0.5652173913043478,0.4725,0.0025
0.9608717566535784,0.5565217391304348,0.47,0.0025
0.9608733706809526,0.5565217391304348,0.47,0.0025
0.9608900257443117,0.5565217391304348,0.4675,0.0025
0.960929346511263,0.5565217391304348,0.4675,0.0025
0.9609834263607779,0.5565217391304348,0.4675,0.0025
0.9609928803116639,0.5565217391304348,0.4675,0.0025
0.961,0.5565217391304348,0.4675,0.0025
0.961026707533678,0.5565217391304348,0.4675,0.0025
0.9610683409231356,0.5565217391304348,0.4675,0.0025
0.961076147449109,0.5565217391304348,0.465,0.0025
0.9611226622558249,0.5565217391304348,0.465,0.0025
0.9611542532816254,0.5565217391304348,0.465,0.0025
0.9611670037747259,0.5565217391304348,0.465,0.0025
0.9611724727604677,0.5565217391304348,0.465,0.0025
0.9611902611149935,0.5565217391304348,0.465,0.0025
0.9612051201372586,0.5565217391304348,0.465,0.0025
0.9612197043214626,0.5565217391304348,0.465,0.0025
0.9612278674866623,0.5478260869565217,0.4625,0.0025
0.9612406000002407,0.5478260869565217,0.46,0.0025
0.9612665504182161,0.5478260869565217,0.46,0.0025
0.9612703433398158,0.5391304347826087,0.4575,0.0025
0.9612744332184865,0.5391304347826087,0.4575,0.0025
0.961307718421372,0.5391304347826087,0.455,0.0025
0.9613284151122456,0.5391304347826087,0.4525,0.0025
0.9613429817404338,0.5391304347826087,0.4525,0.0025
0.9613569895082341,0.5391304347826087,0.4525,0.0025
0.9614117525617681,0.5391304347826087,0.4525,0.0025
0.9614203346857411,0.5391304347826087,0.4525,0.0025
0.9614325554774448,0.5391304347826087,0.4525,0.0025
0.9614391965702705,0.5391304347826087,0.4525,0.0025
0.9614842414583002,0.5391304347826087,0.4525,0.0025
0.9614985556479199,0.5391304347826087,0.4525,0.0025
0.9615195265551482,0.5304347826086957,0.45,0.0025
0.9615281326606614,0.5304347826086957,0.45,0.0025
0.9615594252819764,0.5304347826086957,0.4475,0.0025
0.9615741866370574,0.5304347826086957,0.4475,0.0025
0.9615894269520252,0.5304347826086957,0.445,0.0025
0.9616219791621512,0.5304347826086957,0.4425,0.0025
0.9616305147878539,0.5304347826086957,0.4425,0.0025
0.9616469211752388,0.5217391304347826,0.44,0.0025
0.9616882585859388,0.5217391304347826,0.44,0.0025
0.9616899806463446,0.5130434782608696,0.4375,0.0025
0.9617075399201102,0.5130434782608696,0.4375,0.0025
0.9617353387494049,0.5130434782608696,0.4375,0.0025
0.9617573330367254,0.5130434782608696,0.435,0.0025
0.9617690855417347,0.5130434782608696,0.435,0.0025
0.9617889484427624,0.5130434782608696,0.4325,0.0025
0.9617952398201671,0.5130434782608696,0.43,0.0025
0.9618030070987524,0.5043478260869565,0.4275,0.0025
0.9618147123111378,0.4956521739130435,0.425,0.0025
0.9618274597233146,0.4956521739130435,0.4225,0.0025
0.9618303819649866,0.4956521739130435,0.4225,0.0025
0.9618753562497515,0.4956521739130435,0.4225,0.0025
0.9618961016835915,0.4956521739130435,0.4225,0.0025
0.9619083160550217,0.48695652173913045,0.42,0.0025
0.9619313425201006,0.48695652173913045,0.4175,0.0025
0.9619878731428689,0.48695652173913045,0.4175,0.0025
0.962,0.48695652173913045,0.4175,0.0025
0.9620245232574962,0.48695652173913045,0.4175,0.0025
0.9620612279890585,0.48695652173913045,0.415,0.0025
0.9620798111961398,0.48695652173913045,0.4125,0.0025
0.9621846587643024,0.4782608695652174,0.41,0.0025
0.9622135560724084,0.4782608695652174,0.41,0.0025
0.9622169002504989,0.4782608695652174,0.41,0.0025
0.9622347139433101,0.4782608695652174,0.4075,0.0025
0.9622617803057839,0.4782608695652174,0.4075,0.0025
0.9622649824748877,0.4782608695652174,0.4075,0.0025
0.9622671673762386,0.4782608695652174,0.4075,0.0025
0.9622699384057218,0.4782608695652174,0.4075,0.0025
0.9622713679261147,0.46956521739130436,0.405,0.0025
0.9623688771281931,0.46956521739130436,0.4025,0.0025
0.9623895681768561,0.4608695652173913,0.4,0.0025
0.9623952805378062,0.4608695652173913,0.3975,0.0025
0.962400068790194,0.4608695652173913,0.3975,0.0025
0.9624716801217345,0.45217391304347826,0.395,0.0025
0.9624864129908971,0.45217391304347826,0.395,0.0025
0.9624907478101248,0.45217391304347826,0.395,0.0025
0.962523283279377,0.45217391304347826,0.395,0.0025
0.9625324079550445,0.4434782608695652,0.3925,0.0025
0.9625410043099563,0.4434782608695652,0.39,0.0025
0.9625717651230713,0.4434782608695652,0.39,0.0025
0.9625848931320587,0.4434782608695652,0.39,0.0025
0.9625883654166013,0.43478260869565216,0.3875,0.0025
0.9625995935429912,0.4260869565217391,0.385,0.0025
0.9626783737953312,0.4260869565217391,0.385,0.0025
0.962695705710766,0.41739130434782606,0.3825,0.0025
0.9627246243368877,0.41739130434782606,0.3825,0.0025
0.9627369233571819,0.41739130434782606,0.38,0.0025
0.9627374226353386,0.41739130434782606,0.38,0.0025
0.9627984760464888,0.41739130434782606,0.38,0.0025
0.9628128226899538,0.41739130434782606,0.38,0.0025
0.9628274185402519,0.40869565217391307,0.3775,0.0025
0.9628276166015365,0.40869565217391307,0.3775,0.0025
0.962913578169047,0.40869565217391307,0.3775,0.0025
0.9629388681392127,0.40869565217391307,0.3775,0.0025
0.9629532768396275,0.40869565217391307,0.3775,0.0025
0.963,0.40869565217391307,0.3775,0.0025
0.9630070574988464,0.40869565217391307,0.3775,0.0025
0.9630513614858199,0.4,0.375,0.0025
0.9630942649649099,0.391304347826087,0.3725,0.0025
0.9631031884076116,0.391304347826087,0.37,0.0025
0.9631268286770799,0.391304347826087,0.37,0.0025
0.9632504199097545,0.3826086956521739,0.3675,0.0025
0.9632687572539488,0.3739130434782609,0.365,0.0025
0.9632906767739131,0.3739130434782609,0.365,0.0025
0.9633181968310873,0.3739130434782609,0.365,0.0025
0.9633338149945031,0.3739130434782609,0.365,0.0025
0.9634331789969529,0.3739130434782609,0.365,0.0025
0.9635017991773838,0.3739130434782609,0.365,0.0025
0.9635500119231638,0.3739130434782609,0.365,0.0025
0.9635722391473762,0.3739130434782609,0.365,0.0025
0.9635769042257546,0.3739130434782609,0.365,0.0025
0.9635787095839561,0.3739130434782609,0.365,0.0025
0.9636328452740925,0.3739130434782609,0.365,0.0025
0.9636543635769912,0.3652173913043478,0.3625,0.0025
0.9636904312201873,0.3565217391304348,0.36,0.0025
0.9636923393222862,0.34782608695652173,0.3575,0.0025
0.9637134521009606,0.3391304347826087,0.355,0.0025
0.9637423005218688,0.3391304347826087,0.355,0.0025
0.9637485892187636,0.33043478260869563,0.3525,0.0025
0.9638042750364638,0.33043478260869563,0.3525,0.0025
0.9638226551270774,0.33043478260869563,0.3525,0.0025
0.9638347069249018,0.33043478260869563,0.3525,0.0025
0.9638767986439977,0.33043478260869563,0.3525,0.0025
0.9638895208945825,0.3217391304347826,0.35,0.0025
0.9638983796305676,0.3217391304347826,0.3475,0.0025
0.9639305915580335,0.3130434782608696,0.345,0.0025
0.9639389920761361,0.3130434782608696,0.345,0.0025
0.9639745055307807,0.3130434782608696,0.345,0.0025
0.9639844978399699,0.3130434782608696,0.3425,0.0025
0.964,0.30434782608695654,0.34,0.0025
0.9640111317371126,0.30434782608695654,0.34,0.0025
0.9640239293443167,0.30434782608695654,0.34,0.0025
0.9640552042346849,0.30434782608695654,0.34,0.0025
0.9640664863135446,0.30434782608695654,0.34,0.0025
0.9640822819291702,0.2956521739130435,0.3375,0.0025
0.9641653980130308,0.2956521739130435,0.3375,0.0025
0.9642311981259993,0.28695652173913044,0.335,0.0025
0.9642717556133489,0.2782608695652174,0.3325,0.0025
0.9643200347371027,0.2782608695652174,0.3325,0.0025
0.9643951039138214,0.2782608695652174,0.33,0.0025
0.9644285096501518,0.2782608695652174,0.33,0.0025
0.9644759998291498,0.2782608695652174,0.33,0.0025
0.9645291241426794,0.26956521739130435,0.3275,0.0025
0.9645296284337397,0.2608695652173913,0.325,0.0025
0.9645473261476817,0.2608695652173913,0.325,0.0025
0.9646155287793997,0.2608695652173913,0.325,0.0025
0.964635075484421,0.2608695652173913,0.325,0.0025
0.9646712435883479,0.2608695652173913,0.325,0.0025
0.9646949131487993,0.2608695652173913,0.3225,0.0025
0.9647365435752911,0.25217391304347825,0.32,0.0025
0.9647393770885507,0.25217391304347825,0.32,0.0025
0.9648139397475917,0.25217391304347825,0.32,0.0025
0.9648168463936064,0.24347826086956523,0.3175,0.0025
0.9649039402481133,0.24347826086956523,0.3175,0.0025
0.9649165299080502,0.23478260869565218,0.315,0.0025
0.9649540591554162,0.22608695652173913,0.3125,0.0025
0.9649725660811426,0.22608695652173913,0.3125,0.0025
0.965,0.22608695652173913,0.3125,0.0025
0.9650073324017889,0.22608695652173913,0.3125,0.0025
0.9650133853579487,0.21739130434782608,0.31,0.0025
0.9650290489263866,0.21739130434782608,0.31,0.0025
0.9650824779709404,0.20869565217391303,0.3075,0.0025
0.9651147099279597,0.20869565217391303,0.3075,0.0025
0.965152664187186,0.20869565217391303,0.3075,0.0025
0.965170565189499,0.2,0.305,0.0025
0.9651973121581775,0.2,0.305,0.0025
0.9652075256062846,0.2,0.305,0.0025
0.9652309128457245,0.2,0.305,0.0025
0.9653129150105918,0.19130434782608696,0.3025,0.0025
0.9653369175236974,0.19130434782608696,0.3025,0.0025
0.9653495988555171,0.19130434782608696,0.3025,0.0025
0.9653801652018885,0.1826086956521739,0.3,0.0025
0.9653964312874936,0.17391304347826086,0.2975,0.0025
0.9654103506591168,0.16521739130434782,0.295,0.0025
0.9654640016121417,0.16521739130434782,0.295,0.0025
0.9654912579339725,0.16521739130434782,0.295,0.0025
0.9655164317984862,0.1565217391304348,0.2925,0.0025
0.9655206549655787,0.1565217391304348,0.2925,0.0025
0.9655303824949569,0.1565217391304348,0.29,0.0025
0.9655385680138483,0.1565217391304348,0.29,0.0025
0.965563901858801,0.1565217391304348,0.29,0.0025
0.9655971712357476,0.14782608695652175,0.2875,0.0025
0.9656029263721655,0.1391304347826087,0.285,0.0025
0.9656152681384751,0.1391304347826087,0.285,0.0025
0.9656441225019334,0.13043478260869565,0.2825,0.0025
0.9657118788668955,0.13043478260869565,0.2825,0.0025
0.9657456976234153,0.13043478260869565,0.2825,0.0025
0.9657542798649418,0.12173913043478261,0.28,0.0025
0.9657920310550331,0.11304347826086956,0.2775,0.0025
0.9658052880745113,0.11304347826086956,0.2775,0.0025
0.9658067637220427,0.11304347826086956,0.2775,0.0025
0.9658440418969257,0.11304347826086956,0.2775,0.0025
0.9658513813445883,0.11304347826086956,0.2775,0.0025
0.965853410963216,0.11304347826086956,0.2775,0.0025
0.9658811680696333,0.10434782608695652,0.275,0.0025
0.9659257361326915,0.09565217391304348,0.2725,0.0025
0.9659845787693102,0.09565217391304348,0.27,0.0025
0.966,0.08695652173913043,0.2675,0.0025
0.9660314636389308,0.08695652173913043,0.2675,0.0025
0.9660387908287212,0.08695652173913043,0.2675,0.0025
0.9660427130701728,0.08695652173913043,0.2675,0.0025
0.9661304353769027,0.08695652173913043,0.2675,0.0025
0.9662152567316461,0.08695652173913043,0.2675,0.0025
0.9663123536570178,0.08695652173913043,0.2675,0.0025
0.9663644583628291,0.08695652173913043,0.2675,0.0025
0.9664823863351067,0.0782608695652174,0.265,0.0025
0.9665188712968936,0.06956521739130435,0.2625,0.0025
0.966661132854363,0.06956521739130435,0.2625,0.0025
0.9667230060026895,0.06086956521739131,0.26,0.0025
0.9667433762935088,0.06086956521739131,0.2575,0.0025
0.9667552992532414,0.06086956521739131,0.2575,0.0025
0.9667843731084045,0.06086956521739131,0.255,0.0025
0.9667939039957073,0.06086956521739131,0.255,0.0025
0.967,0.06086956521739131,0.255,0.0025
0.967005584359995,0.06086956521739131,0.255,0.0025
0.9671246691951039,0.06086956521739131,0.255,0.0025
0.967147780572234,0.05217391304347826,0.2525,0.0025
0.9671935840639108,0.043478260869565216,0.25,0.0025
0.9672119887984071,0.043478260869565216,0.25,0.0025
0.9672608163834773,0.034782608695652174,0.2475,0.0025
0.9672658416135362,0.034782608695652174,0.2475,0.0025
0.9673089492073129,0.034782608695652174,0.2475,0.0025
0.9673531182757654,0.034782608695652174,0.245,0.0025
0.9674036103159028,0.034782608695652174,0.245,0.0025
0.967489188543553,0.034782608695652174,0.245,0.0025
0.9675126714488692,0.02608695652173913,0.2425,0.0025
0.9675555547033514,0.02608695652173913,0.2425,0.0025
0.9675774888811245,0.02608695652173913,0.2425,0.0025
0.9677067029543106,0.02608695652173913,0.2425,0.0025
0.9677067029543107,0.02608695652173913,0.2425,0.0
0.9678609097964401,0.02608695652173913,0.2425,0.0
0.9678786689621212,0.02608695652173913,0.2425,0.0
0.968,0.017391304347826087,0.24,0.0
0.9680210838450368,0.017391304347826087,0.24,0.0
0.9680229493510174,0.017391304347826087,0.24,0.0
0.9682520245328544,0.017391304347826087,0.2375,0.0
0.9682954037001857,0.017391304347826087,0.2375,0.0
0.968594314981257,0.008695652173913044,0.235,0.0
0.9687528749339301,0.008695652173913044,0.235,0.0
0.9689188476877096,0.008695652173913044,0.235,0.0
0.969,0.008695652173913044,0.235,0.0
0.9690052461090274,0.008695652173913044,0.235,0.0
0.9690704233521614,0.008695652173913044,0.235,0.0
0.9690715797687934,0.008695652173913044,0.235,0.0
0.9692228786908602,0.008695652173913044,0.235,0.0
0.9693693451381363,0.008695652173913044,0.235,0.0
0.9695173767814265,0.008695652173913044,0.235,0.0
0.9697184183673597,0.008695652173913044,0.2325,0.0
0.969795848179403,0.008695652173913044,0.2325,0.0
0.9698321514869416,0.008695652173913044,0.2325,0.0
0.9699148599806602,0.0,0.23,0.0
0.97,0.0,0.23,0.0
0.9708142762684057,0.0,0.23,0.0
0.971,0.0,0.23,0.0
0.972,0.0,0.23,0.0
0.973,0.0,0.23,0.0
0.9731303222399865,0.0,0.23,0.0
0.9733588433020341,0.0,0.23,0.0
0.9734527575696498,0.0,0.2275,0.0
0.9738265942870117,0.0,0.2275,0.0
0.974,0.0,0.225,0.0
0.974071593649023,0.0,0.225,0.0
0.9748928396923511,0.0,0.2225,0.0
0.975,0.0,0.22,0.0
0.9757277099557634,0.0,0.22,0.0
0.976,0.0,0.2175,0.0
0.977,0.0,0.2175,0.0
0.978,0.0,0.2175,0.0
0.9789409985543355,0.0,0.2175,0.0
0.979,0.0,0.215,0.0
0.9792614133975106,0.0,0.215,0.0
0.9796131815025679,0.0,0.2125,0.0
0.9796190423028479,0.0,0.21,0.0
0.98,0.0,0.21,0.0
0.9800127652643251,0.0,0.21,0.0
0.9802570116469127,0.0,0.2075,0.0
0.9809857296871773,0.0,0.205,0.0
0.981,0.0,0.2025,0.0
0.9811003182022678,0.0,0.2025,0.0
0.9811028640916425,0.0,0.2,0.0
0.981112400001051,0.0,0.1975,0.0
0.981350999556218,0.0,0.1975,0.0
0.9815384286051952,0.0,0.195,0.0
0.9818040937725513,0.0,0.1925,0.0
0.9818200922965701,0.0,0.1925,0.0
0.9819201983489741,0.0,0.1925,0.0
0.982,0.0,0.19,0.0
0.9820536417208584,0.0,0.19,0.0
0.9822646694425402,0.0,0.19,0.0
0.9825724441626292,0.0,0.1875,0.0
0.9827535025437978,0.0,0.185,0.0
0.9829211081166684,0.0,0.185,0.0
0.983,0.0,0.1825,0.0
0.9830970340890598,0.0,0.1825,0.0
0.9831530097796296,0.0,0.1825,0.0
0.983337543448461,0.0,0.18,0.0
0.9836195647900727,0.0,0.18,0.0
0.9837637989391331,0.0,0.1775,0.0
0.983793249693972,0.0,0.175,0.0
0.984,0.0,0.1725,0.0
0.9840547394377183,0.0,0.1725,0.0
0.9843131340175527,0.0,0.1725,0.0
0.984320234819451,0.0,0.17,0.0
0.9847454114934323,0.0,0.17,0.0
0.9849646120803803,0.0,0.1675,0.0
0.985,0.0,0.165,0.0
0.9851042229580645,0.0,0.165,0.0
0.9851942220108301,0.0,0.1625,0.0
0.9853216889448067,0.0,0.16,0.0
0.9853386134128884,0.0,0.1575,0.0
0.9853936148266594,0.0,0.155,0.0
0.9854629812740648,0.0,0.1525,0.0
0.9855613531616406,0.0,0.15,0.0
0.9856805783878205,0.0,0.15,0.0
0.985785296705911,0.0,0.1475,0.0
0.9858506741009146,0.0,0.1475,0.0
0.9858616586521143,0.0,0.1475,0.0
0.9859140052961382,0.0,0.145,0.0
0.9859523136121807,0.0,0.1425,0.0
0.985973510114046,0.0,0.14,0.0
0.9859925395264643,0.0,0.14,0.0
0.986,0.0,0.1375,0.0
0.986180433457062,0.0,0.1375,0.0
0.9864201880840395,0.0,0.135,0.0
0.9867242987659242,0.0,0.1325,0.0
0.9867773728390609,0.0,0.1325,0.0
0.9867926195447873,0.0,0.13,0.0
0.9868548470144407,0.0,0.13,0.0
0.9868590784808075,0.0,0.1275,0.0
0.9869111154428998,0.0,0.125,0.0
0.9869774318629513,0.0,0.125,0.0
0.9869961560023106,0.0,0.125,0.0
0.987,0.0,0.1225,0.0
0.9870778690662524,0.0,0.1225,0.0
0.9871549014101875,0.0,0.12,0.0
0.9871993921516635,0.0,0.12,0.0
0.9872082861683007,0.0,0.1175,0.0
0.9872882693507781,0.0,0.115,0.0
0.9873556075912031,0.0,0.1125,0.0
0.9873783455144395,0.0,0.1125,0.0
0.9874431447864285,0.0,0.11,0.0
0.9875049859668869,0.0,0.1075,0.0
0.9875773104950225,0.0,0.105,0.0
0.9875969323573953,0.0,0.105,0.0
0.9876182486053119,0.0,0.1025,0.0
0.9876645555928473,0.0,0.1025,0.0
0.9878411541234252,0.0,0.1025,0.0
0.9878443348323835,0.0,0.1,0.0
0.9878690067256406,0.0,0.0975,0.0
0.9879064545937525,0.0,0.0975,0.0
0.9879131179827945,0.0,0.0975,0.0
0.9879397624009684,0.0,0.0975,0.0
0.988,0.0,0.095,0.0
0.98800409917763,0.0,0.095,0.0
0.988036160807992,0.0,0.095,0.0
0.9881308255353771,0.0,0.0925,0.0
0.9881466388766372,0.0,0.0925,0.0
0.9882051861360585,0.0,0.0925,0.0
0.9882254302936367,0.0,0.09,0.0
0.988244491483141,0.0,0.0875,0.0
0.9882469533618449,0.0,0.085,0.0
0.9883156257796932,0.0,0.085,0.0
0.9883908353295103,0.0,0.085,0.0
0.9884166251481317,0.0,0.0825,0.0
0.9884512828443888,0.0,0.08,0.0
0.988478264291274,0.0,0.0775,0.0
0.9885459427019743,0.0,0.075,0.0
0.9886015789984143,0.0,0.075,0.0
0.988610552984272,0.0,0.075,0.0
0.9887216051323362,0.0,0.0725,0.0
0.9887634739082486,0.0,0.0725,0.0
0.9888568289324391,0.0,0.0725,0.0
0.988979905862576,0.0,0.0725,0.0
0.989,0.0,0.0725,0.0
0.9890002011109512,0.0,0.0725,0.0
0.9891365750899006,0.0,0.0725,0.0
0.9891859064751694,0.0,0.0725,0.0
0.9892229819278805,0.0,0.0725,0.0
0.9893022457176622,0.0,0.0725,0.0
0.9893029673391508,0.0,0.07,0.0
0.9894123671577609,0.0,0.0675,0.0
0.9894482671856571,0.0,0.0675,0.0
0.9894714910181013,0.0,0.0675,0.0
0.9894895142423159,0.0,0.065,0.0
0.9895143612931298,0.0,0.0625,0.0
0.9895457373412717,0.0,0.0625,0.0
0.9895695309531846,0.0,0.0625,0.0
0.9895898347891964,0.0,0.0625,0.0
0.989676755442604,0.0,0.0625,0.0
0.9896929957681947,0.0,0.06,0.0
0.9896932652540369,0.0,0.06,0.0
0.9897631539983144,0.0,0.0575,0.0
0.9898073924341428,0.0,0.0575,0.0
0.9898458699378487,0.0,0.0575,0.0
0.9898803122081749,0.0,0.055,0.0
0.9899040310279424,0.0,0.055,0.0
0.9899791650192534,0.0,0.0525,0.0
0.99,0.0,0.0525,0.0
0.9900257640904473,0.0,0.0525,0.0
0.9900584861634327,0.0,0.05,0.0
0.9900937190032755,0.0,0.0475,0.0
0.9900947797117976,0.0,0.045,0.0
0.9901924796556768,0.0,0.045,0.0
0.9902082041076423,0.0,0.0425,0.0
0.990232730970724,0.0,0.04,0.0
0.99023945413175,0.0,0.0375,0.0
0.9904027162494202,0.0,0.0375,0.0
0.9904173702893846,0.0,0.0375,0.0
0.9904216699964868,0.0,0.0375,0.0
0.9904904802060164,0.0,0.0375,0.0
0.9904920158158586,0.0,0.0375,0.0
0.9905024150749556,0.0,0.0375,0.0
0.990529121371131,0.0,0.0375,0.0
0.9905583528043858,0.0,0.0375,0.0
0.9906221827490443,0.0,0.0375,0.0
0.9906429998552596,0.0,0.0375,0.0
0.9906790178920938,0.0,0.0375,0.0
0.990742803992485,0.0,0.0375,0.0
0.9907592315308724,0.0,0.0375,0.0
0.9908146146801207,0.0,0.0375,0.0
0.9908656571745958,0.0,0.0375,0.0
0.9908712554796079,0.0,0.0375,0.0
0.9908905795667607,0.0,0.035,0.0
0.9909290500563641,0.0,0.035,0.0
0.9909754060964657,0.0,0.0325,0.0
0.9909786966790362,0.0,0.0325,0.0
0.991,0.0,0.03,0.0
0.9910246647825286,0.0,0.03,0.0
0.9910388638612266,0.0,0.03,0.0
0.9910561860077506,0.0,0.03,0.0
0.991228202505824,0.0,0.03,0.0
0.9912528466539828,0.0,0.0275,0.0
0.9912584121006701,0.0,0.025,0.0
0.9912781650117453,0.0,0.025,0.0
0.9912782859170963,0.0,0.025,0.0
0.9913033338390542,0.0,0.025,0.0
0.9913417503097742,0.0,0.025,0.0
0.9913852163778152,0.0,0.025,0.0
0.9913866090245692,0.0,0.0225,0.0
0.9913997142859371,0.0,0.0225,0.0
0.9914027938660356,0.0,0.02,0.0
0.9914060941856672,0.0,0.02,0.0
0.991409427505136,0.0,0.0175,0.0
0.9914219664536126,0.0,0.0175,0.0
0.9914230815850692,0.0,0.015,0.0
0.9914632108002391,0.0,0.015,0.0
0.9914642534840551,0.0,0.015,0.0
0.9915161126720781,0.0,0.015,0.0
0.9915623633273646,0.0,0.015,0.0
0.9915636137180996,0.0,0.015,0.0
0.9915750025221106,0.0,0.015,0.0
0.9917045925378498,0.0,0.0125,0.0
0.991758329778478,0.0,0.0125,0.0
0.9918720001057431,0.0,0.0125,0.0
0.991872601401648,0.0,0.01,0.0
0.9919345153673613,0.0,0.01,0.0
0.9919477842754778,0.0,0.0075,0.0
0.9919610504488159,0.0,0.0075,0.0
0.991962370395211,0.0,0.0075,0.0
0.9919671898308885,0.0,0.0075,0.0
0.991971050017042,0.0,0.0075,0.0
0.9919732045915556,0.0,0.0075,0.0
0.9919901664834383,0.0,0.0075,0.0
0.992,0.0,0.0075,0.0
0.9920677364076013,0.0,0.0075,0.0
0.9920960350077893,0.0,0.0075,0.0
0.9921015225499751,0.0,0.0075,0.0
0.9921027591722105,0.0,0.0075,0.0
0.9921125827992198,0.0,0.0075,0.0
0.9921553743772659,0.0,0.0075,0.0
0.9921799770376135,0.0,0.0075,0.0
0.9921979657184788,0.0,0.0075,0.0
0.9922413335104207,0.0,0.0075,0.0
0.9922735867804785,0.0,0.0075,0.0
0.9923285288006056,0.0,0.0075,0.0
0.9923548675489988,0.0,0.005,0.0
0.9924134316894863,0.0,0.005,0.0
0.9924854953287536,0.0,0.005,0.0
0.992498184088173,0.0,0.005,0.0
0.9925041956919278,0.0,0.005,0.0
0.992505309619309,0.0,0.005,0.0
0.9925646861395463,0.0,0.0025,0.0
0.9926204429414043,0.0,0.0025,0.0
0.9926430459403311,0.0,0.0025,0.0
0.9926954955273549,0.0,0.0025,0.0
0.9926975779122192,0.0,0.0025,0.0
0.9927171466098949,0.0,0.0025,0.0
0.9927177823526541,0.0,0.0025,0.0
0.9927286638893599,0.0,0.0025,0.0
0.9927726966567928,0.0,0.0025,0.0
0.9927776231213774,0.0,0.0025,0.0
0.9927888455466232,0.0,0.0025,0.0
0.9928031122720832,0.0,0.0025,0.0
0.992805438929175,0.0,0.0025,0.0
0.9928169821594918,0.0,0.0025,0.0
0.9928608816051514,0.0,0.0025,0.0
0.9928687117758557,0.0,0.0025,0.0
0.992875932516005,0.0,0.0025,0.0
0.9928848717105516,0.0,0.0025,0.0
0.9928952053620549,0.0,0.0025,0.0
0.9929054538349821,0.0,0.0025,0.0
0.9929150254221308,0.0,0.0025,0.0
0.9929243551478119,0.0,0.0025,0.0
0.9929440765302501,0.0,0.0025,0.0
0.9929592422922237,0.0,0.0025,0.0
0.992967761618005,0.0,0.0025,0.0
0.9929785935422943,0.0,0.0025,0.0
0.9929954830308031,0.0,0.0025,0.0
0.993,0.0,0.0025,0.0
0.9930405905479914,0.0,0.0025,0.0
0.9930409104739694,0.0,0.0025,0.0
0.9930463188653785,0.0,0.0025,0.0
0.9930576285575231,0.0,0.0025,0.0
0.993132300368894,0.0,0.0025,0.0
0.9931559884225275,0.0,0.0025,0.0
0.9931837139149309,0.0,0.0025,0.0
0.993205592239034,0.0,0.0025,0.0
0.9932111341728065,0.0,0.0,0.0
0.9932306670320558,0.0,0.0,0.0
0.993236128971375,0.0,0.0,0.0
0.9932641908644279,0.0,0.0,0.0
0.9932784879447497,0.0,0.0,0.0
0.9932827030216956,0.0,0.0,0.0
0.9933265948834131,0.0,0.0,0.0
0.993346765875196,0.0,0.0,0.0
0.9933596355605067,0.0,0.0,0.0
0.9933601545469916,0.0,0.0,0.0
0.993402294448807,0.0,0.0,0.0
0.9935581709467752,0.0,0.0,0.0
0.9935730470254385,0.0,0.0,0.0
0.9935890798629081,0.0,0.0,0.0
0.9936084894952747,0.0,0.0,0.0
0.9936276905677853,0.0,0.0,0.0
0.9936929410781357,0.0,0.0,0.0
0.993707184987328,0.0,0.0,0.0
0.9937084044250943,0.0,0.0,0.0
0.9937132801535001,0.0,0.0,0.0
0.9937297086146055,0.0,0.0,0.0
0.9938098220790439,0.0,0.0,0.0
0.993893267193018,0.0,0.0,0.0
0.9939071801224124,0.0,0.0,0.0
0.9939532454179545,0.0,0.0,0.0
0.994,0.0,0.0,0.0
0.9940174862173863,0.0,0.0,0.0
0.9940218255102703,0.0,0.0,0.0
0.9940223061008889,0.0,0.0,0.0
0.9941453786259485,0.0,0.0,0.0
0.994202424257081,0.0,0.0,0.0
0.9942153324195442,0.0,0.0,0.0
0.9942377734485074,0.0,0.0,0.0
0.9942980904948584,0.0,0.0,0.0
0.9943221388431582,0.0,0.0,0.0
0.994348593742897,0.0,0.0,0.0
0.994451924120121,0.0,0.0,0.0
0.9944708472840355,0.0,0.0,0.0
0.9944957967235055,0.0,0.0,0.0
0.9946476750655245,0.0,0.0,0.0
0.9946811411174197,0.0,0.0,0.0
0.9947508134487214,0.0,0.0,0.0
0.9947707077894334,0.0,0.0,0.0
0.9947716598988158,0.0,0.0,0.0
0.994775795128879,0.0,0.0,0.0
0.994821695691896,0.0,0.0,0.0
0.9948295816402026,0.0,0.0,0.0
0.9949015845577771,0.0,0.0,0.0
0.9949206819419071,0.0,0.0,0.0
0.99494784602609,0.0,0.0,0.0
0.9949899285425678,0.0,0.0,0.0
0.995,0.0,0.0,0.0
0.9950906946117226,0.0,0.0,0.0
0.9955487081427135,0.0,0.0,0.0
0.9955580149275375,0.0,0.0,0.0
0.9955885603946745,0.0,0.0,0.0
0.996,0.0,0.0,0.0
0.997,0.0,0.0,0.0
0.998,0.0,0.0,0.0
0.999,0.0,0.0,0.0
1.0,0.0,0.0,0.0
